smiles,pIC50(M)
CCCCCCCCOc1ccccc1C1CC(=O)c2ccc(O)cc2O1,3.0
CNC(=O)c1noc2c(F)c3c(cc12)CC1(C(=O)NC(=O)NC1=O)[C@H]1[C@H](C)O[C@H](C)CN31,5.958607314841775
COc1cc2ccccc2c(N2CCN(CCCNc3cc(=O)oc4ccccc34)CC2)n1,4.180456064458132
NC[C@H](N=c1[nH]ccc2ccc(-c3ccccc3Cl)cc12)c1ccccc1,5.0
COc1ccc2ncc(C#N)c(CCN3CCC(NCc4cc5c(cn4)OCS5)CC3)c2c1,7.0
CNc1cc(F)cc2cc(C(=O)Nc3ccc(C(N)=O)cc3CN(C)C3CCCCC3)c(=O)[nH]c12,8.602059991327963
COCCNC(=O)c1noc2c(F)c3c(cc12)CC1(C(=O)NC(=O)NC1=O)[C@H]1[C@H](C)O[C@H](C)CN31,6.0
NC1CCN(c2cc3c(cc2F)c(=O)c(C(=O)O)cn3C2CC2)C1,5.105683937315562
COc1cncc(-c2noc3c(F)c4c(cc23)CC2(C(=O)NC(=O)NC2=O)[C@H]2[C@H](C)O[C@H](C)CN42)n1,5.958607314841775
CO[C@@H]1[C@@H](OC(=O)c2ccc(C)[nH]2)[C@@H](O)[C@H](Oc2ccc3c(N4CCC(N(C)C)CC4)cc(=O)oc3c2C)OC1(C)C,6.319664486585437
Cc1cc(=NS(=O)(=O)c2ccc(/N=N/N3CCN(c4cc5c(cc4F)c(=O)c(C(=O)O)cn5C4CC4)CC3)cc2)[nH]o1,5.709965388637482
COC(=O)c1cccc(-c2cccc(C(=O)N[C@@H](CN)c3ccccc3)c2)c1,4.619788758288394
C[C@@H]1O[C@H](C)CN2c3c(cc4c(C(N)=O)noc4c3F)CC3(C(=O)NC(=O)NC3=O)[C@@H]12,6.522878745280337
O=c1cc(NC[C@H](O)CN2CCN(c3nccc4ccc(F)cc34)CC2)c2ccccc2o1,5.7447274948966935
Cc1nsc2c(F)c3c(cc12)CC1(C(=O)NC(=O)NC1=O)[C@H]1[C@H](C)O[C@H](C)CN31,6.698970004336019
O=C(O)c1cn(C2CC2)c2nc(C3=CCNCC3)c(F)cc2c1=O,4.939302159646388
CCOc1cccc(-c2cccc(C(=O)N[C@@H](CN)c3ccccc3)c2)c1,4.698970004336019
COC(=O)CC(=O)N=c1[nH]c2c(s1)C[C@@H](NC(=O)c1cc(Cl)c(Cl)[nH]1)CC2,6.3979400086720375
C[C@@H]1Cc2ccccc2-c2cc(=O)c(C(=O)O)cn21,3.903089986991944
NC[C@H](Oc1noc2ccc(-c3ccccc3Cl)nc12)c1ccccc1,5.795880017344075
CCNCC1CCN(c2c(F)c(N)c3c(=O)c(C(=O)O)cn(C4CC4)c3c2F)C1,5.177831920631983
C[C@@H]1O[C@H](C)CN2c3c(cc4c(N5CCCCC5)noc4c3F)CC3(C(=O)NC(=O)NC3=O)[C@@H]12,5.619788758288394
Cc1[nH]c(C(=O)N=c2[nH]c3ccc(C(O)=NO)cc3s2)c(Cl)c1Cl,6.552841968657781
C[C@@H]1O[C@H](C)CN2c3c(nc4c(-c5sc(Cl)nc5Cl)noc4c3Cl)CC3(C(=O)NC(=O)NC3=O)[C@@H]12,5.698970004336019
Cc1[nH]c(C(=O)N=c2[nH]c3ccc(NC(=O)CCNC(=O)OC(C)(C)C)cc3s2)c(Cl)c1Cl,6.958607314841775
O=c1ccc2ncc(=O)n3c2n1C[C@H]3CN1CCC(NCc2cc3c(cn2)OCCC3)CC1,7.221848749616356
CNc1cc(F)cc2cc(C(=O)Nc3cnc(C(=O)O)nc3)c(=O)[nH]c12,9.022276394711152
C[C@@H]1O[C@H](C)CN2c3c(cc4c(C(=O)NCc5ccnn5C)noc4c3F)CC3(C(=O)NC(=O)NC3=O)[C@@H]12,5.6777807052660805
Cc1c(N2CCCCC2)c(N)cc2c(=O)c(C(=O)O)cn(C3CC3)c12,5.028260409112222
CNc1cc(F)cc2c(=O)c(C(=O)Nc3ccc(C(=O)O)cc3)c(O)[nH]c12,8.958607314841775
Cc1c2c(cc3c(-c4cnccn4)noc13)CC1(C(=O)NC(=O)NC1=O)[C@H]1[C@H](C)O[C@H](C)CN21,5.853871964321762
CC[C@@H]1CCN(c2c(F)cc3c(=O)n(N)c(=O)n(C4CC4)c3c2OC)C1,5.229147988357856
Cc1[nH]c(C(=O)N=c2[nH]c3c(OCCN4CCOCC4)cc(C(=O)O)cc3s2)c(Cl)c1Cl,8.0
NCC1CCN(c2c(F)c(N)c3c(=O)c(C(=O)O)cn(C4CC4)c3c2F)C1,5.115771230367396
O=c1oc2cc(O)c(O)cc2c2cc(F)ccc12,2.8239087409443187
C[C@@H]1O[C@H](C)CN2c3c(cc4c(C#N)noc4c3F)CC3(C(=O)NC(=O)NC3=O)[C@@H]12,4.920818753952375
Cc1noc2c(F)c3c(cc12)CC1(C(=O)NC(=O)NC1=O)[C@H]1[C@H](C)O[C@H](C(F)(F)F)CN31,5.356547323513812
O=C(CN1CCN(c2cc3c(cc2F)c(=O)c(C(=O)O)cn3C2CC2)CC1)Nc1ccc(S(=O)(=O)N=c2nccc[nH]2)cc1,5.542118103266008
CC1(CN)CCN(c2nc3c(cc2F)c(=O)c(C(=O)O)cn3C2CC2)C1,4.860120913598763
O=c1[nH]c(=NCC(O)CN2CCN(c3nccc4ccc(F)cc34)CC2)c2cc(F)ccc2o1,6.3979400086720375
COc1ccc2[nH]c(=NC(=O)c3[nH]c(C)c(Cl)c3Cl)sc2c1,6.0
CCOC(=O)CCCN=c1[nH][nH]c2cccc(OCc3ccc(C(C)(C)C)cc3)c12,4.4089353929735005
C[C@@H]1O[C@H](C)CN2c3c(cc4c(N5C(=O)OC[C@@H]5C5CCOCC5)noc4c3F)CC3(C(=O)NC(=O)NC3=O)[C@@H]12,6.275724130399211
C[C@@H]1O[C@H](C)CN2c3c(cc4c(C(F)(F)F)noc4c3F)CC3(C(=O)NC(=O)NC3=O)[C@@H]12,5.853871964321762
CC(=O)N=c1[nH]oc2c(F)c3c(cc12)CC1(C(=O)NC(=O)NC1=O)[C@H]1[C@H](C)O[C@H](C)CN31,6.096910013008056
NCCn1c(=O)c2cc(F)c(N3CC[C@@H](CN)C3)cc2n(C2CC2)c1=O,4.301029995663981
O=C(/C=C/c1ccc(N2CCCCC2)cc1)c1ccc(O)cc1O,3.0
Cc1ncsc1-c1noc2c(F)c3c(cc12)CC1(C(=O)NC(=O)NC1=O)[C@@H]1[C@@H](C)O[C@@H](C)CN31,6.045757490560675
c1ccc(COc2ccc(-c3cc(C4CCNCC4)[nH]n3)cc2)cc1,3.416801226031377
C[C@@H]1O[C@H](C)CN2c3c(cc4c(-c5ccncn5)noc4c3F)CC3(C(=O)NC(=O)NC3=O)[C@@H]12,6.522878745280337
COc1ccc(-c2oc3cc(O)cc(O)c3c(=O)c2O)cc1,2.779891911959945
CCn1cc(-c2nc(=NC(=O)c3ccccc3)[nH][nH]2)c(=O)c2cc(Br)c(C)nc21,5.377785977033705
NC1CCN(c2nc3c(cc2F)c(=O)c(C(=O)O)cn3C2CC2)C1,5.044793462458058
CNC(=O)c1noc2c(Cl)c3c(nc12)CC1(C(=O)NC(=O)NC1=O)[C@H]1[C@H](C)O[C@H](C)CN31,6.154901959985743
C[C@@H]1O[C@H](C)CN2c3c(cc4c(-n5cc(-c6ccncn6)cn5)noc4c3F)CC3(C(=O)NC(=O)NC3=O)[C@@H]12,4.787812395596042
CC(=O)NC1CN(C(=O)c2noc3c(F)c4c(cc23)CC2(C(=O)NC(=O)NC2=O)[C@H]2[C@H](C)O[C@H](C)CN42)C1,6.0
CCOC(=O)c1cc2c3cc(F)c(N4CC[C@@H](CN)C4)cc3n(CC)c(=O)n2n1,4.301029995663981
Cc1ccccc1C(=O)N[C@@H](CN)c1ccccc1,4.0
CC1(C)C2C=CC(=CCC(=O)c3ccc(O)cc3O)C1C2,3.6020599913279625
O=C(O)c1ccc2[nH]c(=NC(=O)c3cc(Cl)c(Cl)[nH]3)sc2c1,7.721246399047171
CCOC(=O)c1noc2c(F)c3c(cc12)CC1(C(=O)NC(=O)NC1=O)[C@H]1[C@H](C)O[C@H](C)CN31,6.0
Cc1cc(=NS(=O)(=O)c2ccc(NC(=O)C(C)N3CCN(c4cc5c(cc4F)c(=O)c(C(=O)O)cn5C4CC4)CC3)cc2)[nH]o1,5.896196279044043
COC(=O)C1CN(CCSc2cccs2)CCN1CCCc1c(F)cnc2ccc(OC)cc12,4.73471037413917
C[C@@H]1O[C@H](C)CN2c3c(cc4c(-n5cc(CO)cn5)noc4c3F)CC3(C(=O)NC(=O)NC3=O)[C@@H]12,5.6777807052660805
C[C@@H]1O[C@H](C)CN2c3c(cc4c(C(=O)N5CC(F)(F)C5)noc4c3F)CC3(C(=O)NC(=O)NC3=O)[C@@H]12,6.522878745280337
CC1COc2c(N3CCN(C)CC3)c(F)cc3c(=O)c(C(=O)O)cn1c23,5.302770657240282
C[C@@H]1O[C@H](C)CN2c3c(cc4c(N5C(=O)OC[C@@H]5C)noc4c3F)CC3(C(=O)NC(=O)NC3=O)[C@@H]12,6.772113295386326
CNc1cc(F)cc2cc(C(=O)Nc3ccc(C(=O)NS(=O)(=O)N(C)C)cc3)c(=O)[nH]c12,9.366531544420411
O=c1oc2c(O)c(O)ccc2c2cc(F)ccc12,3.350665141287858
C[C@@H]1O[C@H](C)CN2c3c(cc4c(-c5cncnc5)noc4c3Cl)CC3(C(=O)NC(=O)NC3=O)[C@@H]12,6.0
C[C@@H]1O[C@H](C)CN2c3c(cc4c(-c5ccccc5F)noc4c3F)CC3(C(=O)NC(=O)NC3=O)[C@@H]12,6.3979400086720375
C[C@@H]1O[C@H](C)CN2c3c(cc4c(N5C(=O)OC[C@@H]5CCCO)noc4c3Cl)CC3(C(=O)NC(=O)NC3=O)[C@@H]12,6.585026652029182
NS(=O)(=O)c1ccc(NC(=O)CN2CCN(c3cc4c(cc3F)c(=O)c(C(=O)O)cn4C3CC3)CC2)cc1,5.87942606879415
Cc1cc(-c2noc3c(F)c4c(cc23)CC2(C(=O)NC(=O)NC2=O)[C@H]2[C@H](C)O[C@H](C)CN42)no1,6.3979400086720375
O=C(N=c1[nH]c2ccc(C(O)=NO)cc2s1)c1cc(Br)c(Br)[nH]1,7.050609993355087
CCN(C(=O)c1[nH]c(C)c(Cl)c1Cl)c1nc2ccc(C(=O)O)cc2s1,8.0
CCNC(=O)c1noc2c(F)c3c(cc12)CC1(C(=O)NC(=O)NC1=O)[C@H]1[C@H](C)O[C@H](C)CN31,5.769551078621726
Cc1[nH]c(C(=O)N=c2[nH]c3ccc(C(=O)O)cc3s2)c(Cl)c1Br,8.0
[C-]#[N+]c1ccc(-c2noc3c(Cl)c4c(nc23)CC2(C(=O)NC(=O)NC2=O)[C@H]2[C@H](C)O[C@H](C)CN42)cc1F,6.221848749616356
C[C@@H]1O[C@H](C)CN2c3c(cc4c(N5C(=O)OC[C@@H]5c5cnccn5)noc4c3F)CC3(C(=O)NC(=O)NC3=O)[C@@H]12,6.022276394711152
NC[C@H](Oc1noc2ccc(-c3ccccc3Cl)cc12)c1ccccc1,6.795880017344075
O=c1c(O)c(-c2ccc(O)c(O)c2)oc2cc(O)ccc12,3.539102157243452
CCOC(=O)c1cnn2c(=O)n(CC)c3cc(N4CC[C@@H](CN)C4)c(F)cc3c12,5.455931955649724
CCOC(=O)c1cnn(-c2noc3c(F)c4c(cc23)CC2(C(=O)NC(=O)NC2=O)[C@H]2[C@H](C)O[C@H](C)CN42)c1,5.070581074285707
CNc1cc(F)cc2cc(C(=O)Nc3ccc(CO)cc3CN(C)C3CCCCC3)c(=O)[nH]c12,8.721246399047171
NCc1ccc(-c2cc3c(cc2F)c(=O)c2c(=O)[nH]sc2n3C2CC2)cc1,7.0
CCOc1cccc(-c2cccc(C(=O)NC(CN)c3cccc(O)c3)c2)c1F,4.207608310501746
CNc1cc(F)cc2c(NCC3(N)CCC3)c(C(=O)Nc3ccc(C(=O)O)cc3)c(=O)[nH]c12,8.657577319177793
O=C1c2cc(O)c(O)cc2-c2cc(O)c(O)cc21,4.274088367704952
O=c1[nH]sc2c1c(=O)c1cc(F)c(-c3cccc(C4CCCCN4)c3)cc1n2C1CC1,6.154901959985743
Cc1[nH]c(C(=O)N=c2[nH]c3c(OCc4ccccc4)cc(C(N)=O)cc3s2)c(Cl)c1Cl,7.958607314841775
Cc1cc2ccccc2c(N2CCN(CCCNc3cc(=O)oc4ccccc34)CC2)n1,5.318758762624412
C[C@@H]1O[C@H](C)CN2c3c(cc4c(N5C[C@H](c6ccccn6)OC5=O)noc4c3F)CC3(C(=O)NC(=O)NC3=O)[C@@H]12,6.42021640338319
O=c1[nH]sc2c1c(=O)c1cc(F)c(N3CCNCC3)cc1n2C1CC1,7.0
C[C@@H]1O[C@H](C)CN2c3c(cc4c(-n5cc(I)cn5)noc4c3F)CC3(C(=O)NC(=O)NC3=O)[C@@H]12,5.6777807052660805
O=c1c(O)cc2c(O)oc3c(=O)c(O)cc4c(O)oc1c2c43,4.962573502059376
NC(=O)CC(=O)N=c1[nH]c2c(s1)C[C@@H](NC(=O)c1cc(Br)c(Br)[nH]1)CC2,5.769551078621726
CCn1cc(C(=O)O)c(=O)c2cc(F)c(N3CCNCC3)cc21,6.221848749616356
CCOC(=O)C(=O)N=c1[nH]c2c(s1)C[C@@H](NC(=O)c1cc(Cl)c(Cl)[nH]1)CC2,6.3979400086720375
C[C@@H]1O[C@H](C)CN2c3c(cc4c(-n5cc(C(N)=O)cn5)noc4c3F)CC3(C(=O)NC(=O)NC3=O)[C@@H]12,5.657577319177793
NS(=O)(=O)c1ccc(/N=N/N2CCN(c3cc4c(cc3F)c(=O)c(C(=O)O)cn4C3CC3)CC2)cc1,5.448550002027125
C[C@@H]1O[C@H](C)CN2c3c(cc4c(N5CCCCCC5)noc4c3F)CC3(C(=O)NC(=O)NC3=O)[C@@H]12,5.431798275933005
COc1ccc2ncc(F)c(CCCN3CCN(C/C=C/c4cc(F)ccc4F)CC3C(=O)O)c2c1,5.189767482004916
C[C@@H]1O[C@H](C)CN2c3c(cc4c(N5C(=O)OC[C@@H]5[C@@H](O)CO)noc4c3F)CC3(C(=O)NC(=O)NC3=O)[C@@H]12,6.537602002101044
O=c1cc(NCCCN2CCN(c3nccc4ccc(Cl)cc34)CC2)c2ccccc2o1,6.045757490560675
C[C@@H]1O[C@H](C)CN2c3c(cc4c(N5C(=O)OC[C@@H]5CCCF)noc4c3F)CC3(C(=O)NC(=O)NC3=O)[C@@H]12,6.301029995663981
N#Cc1ccc2ccnc(N3CCN(CCCNc4cc(=O)oc5ccccc45)CC3)c2c1,5.638272163982407
CCOc1cccc(-c2cc(C(=O)N[C@@H](CN)c3ccccc3)ccc2C)c1,4.200659450546418
N=c1[nH]c2c(s1)C[C@@H](NC(=O)c1cc(Br)c(Br)[nH]1)CC2,4.920818753952375
C[C@@H]1O[C@H](C)CN2c3c(cc4c(N5C[C@@H](C)OC5=O)noc4c3Cl)CC3(C(=O)NC(=O)NC3=O)[C@@H]12,6.6777807052660805
COc1ccc(CN2CC(C(=O)O)C(=O)c3cc(F)c(N4CC[C@@H](CN)C4)c(OC)c32)cc1,3.6989700043360183
CN(CCCN1CCN(c2nccc3ccccc23)CC1)c1cc(=O)oc2ccccc12,4.498940737782249
C[C@H]1CN2c3c(cc4c(C(=O)NCC(F)F)noc4c3F)CC3(C(=O)NC(=O)NC3=O)[C@@H]2[C@@H](C)O1,4.292429823902063
C[C@@H]1O[C@H](C)CN2c3c(cc4c(N5C(=O)OC[C@@H]5CCO)noc4c3F)CC3(C(=O)NC(=O)NC3=O)[C@@H]12,6.376750709602099
CO[C@@H]1[C@@H](OC(=O)c2ccc(C)[nH]2)[C@@H](O)[C@H](Oc2ccc3c(N(C)CCN(C)C)cc(=O)oc3c2C)OC1(C)C,6.202732459169283
O=C(O)CC(=O)Nc1ccc2[nH]c(=NC(=O)c3cc(Br)c(Br)[nH]3)[nH]c2c1,5.823908740944319
Cc1ccc(-c2noc3c(Cl)c4c(cc23)CC2(C(=O)NC(=O)NC2=O)[C@H]2[C@H](C)O[C@H](C)CN42)cn1,5.795880017344075
Cc1[nH]c(C(=O)N(c2nc3ccc(C(=O)O)cc3s2)C(C)C)c(Cl)c1Cl,6.494850021680094
CNc1cc(F)cc2c(N[C@H]3C[C@@H](N)C3)c(C(=O)Nc3ccc(C(=O)O)cc3)c(=O)[nH]c12,8.568636235841012
CC1CN2c3c(cc4c(C5CC5)noc4c3F)CC3(C(=O)NC(=O)NC3=O)C2C(C)O1,6.468521082957745
O=c1cc(NCCCN2CCN(c3nccc4ccc(F)cc34)CC2)c2c(o1)CCNC2,4.642065152999546
C[C@@H]1O[C@H](C)CN2c3c(cc4c(-n5cc(Cl)cn5)noc4c3F)CC3(C(=O)NC(=O)NC3=O)[C@@H]12,5.031517051446065
COc1c(N2CC[C@@H](CN)C2)c(F)cc2c1N(Cc1ccc(-c3ccccc3)cc1)CC(C(=O)O)C2=O,6.920818753952375
CNc1cc(F)cc2cc(C(=O)Nc3ccc(C(=O)O)cc3CN(CC(=O)O)C3CCCCC3)c(=O)[nH]c12,9.244125144327509
COC(=O)C1C[C@@H](NCc2[nH]nc3cccc(OCc4ccc(C(C)(C)C)cc4)c23)CN1,4.73754891026957
C[C@@H]1O[C@H](C)CN2c3c(cc4c(-c5ccccn5)noc4c3F)CC3(C(=O)NC(=O)NC3=O)[C@@H]12,6.698970004336019
CC1(CN)CCN(c2cc3c(cc2F)c(=O)c(C(=O)O)cn3C2CC2)C1,5.555955204081924
COc1c(N2CC[C@@H](CN)C2)c(F)cc2c1N(Cc1ccccc1)CC(C(=O)O)C2=O,4.634512015109101
COc1ccc2ncc(F)c(CCCN3CCN(CCSc4cccs4)CC3C(=O)O)c2c1,5.267606240177032
COc1c(N2CC3CCCNC3C2)c(F)cc2c1N(C1CC1)CC(C(=O)O)C2=O,6.522878745280337
COC[C@H]1COC(=O)N1c1noc2c(F)c3c(cc12)CC1(C(=O)NC(=O)NC1=O)[C@H]1[C@H](C)O[C@H](C)CN31,6.853871964321762
N#Cc1cnc2ccc(=O)n(CCN[C@H]3CC[C@H]4[C@H](C3)OC(=O)N4c3ccc4c(n3)NC(=O)CO4)c2c1,7.045757490560675
Cc1noc2c(F)c3c(cc12)CC1(C(=O)NC(=O)NC1=O)[C@H]1[C@H](C)O[C@H](C)CN31,6.3979400086720375
COc1cc(-c2oc3cc(O)cc(O)c3c(=O)c2O)cc(OC)c1OC,2.8601209135987635
O=C(O)CCC(=O)N=c1[nH]c2c(s1)C[C@@H](NC(=O)c1cc(Cl)c(Cl)[nH]1)CC2,6.522878745280337
C[C@@H]1O[C@H](C)CN2c3c(cc4c(=NCC5CCCCC5)[nH]oc4c3F)CC3(C(=O)NC(=O)NC3=O)[C@@H]12,5.537602002101044
C[C@@H]1O[C@H](C)CN2c3c(cc4c(N5C(=O)OC[C@@H]5c5ccncc5)noc4c3F)CC3(C(=O)NC(=O)NC3=O)[C@@H]12,5.823908740944319
N=c1[nH]c2c(s1)C[C@@H](NC(=O)c1cc(Cl)c(Cl)[nH]1)CC2,4.920818753952375
COc1cc(C#N)ccc1S(=O)(=O)N(C)c1ccc2c(c1)cc(C)c(=O)n2C,7.096910013008056
O=c1oc2ccccc2c2cc(O)c(O)cc12,2.659555885159881
C[C@@H]1O[C@H](CNS(=O)(=O)c2ccc(CCn3cc(CN4CCN(c5cc6c(cc5F)c(=O)c(C(=O)O)cn6C5CC5)CC4)nn3)s2)[C@@H](O)[C@H](O)[C@@H]1O,5.045757490560675
C[C@@H]1CN2c3c(cc4c(-c5cnc(N6CCOCC6)cn5)noc4c3F)CC3(C(=O)NC(=O)NC3=O)[C@@H]2[C@@H](C)O1,4.080921907623926
C[C@@H]1O[C@H](C)CN2c3c(cc4c(C5CCOCC5)noc4c3F)CC3(C(=O)NC(=O)NC3=O)[C@@H]12,5.3872161432802645
Cc1c(N2CC[C@@H](CN)C2)c(F)cc2c(=O)n(CCN)c(=O)n(C3CC3)c12,4.7544873321858505
C[C@@H]1O[C@H](C)CN2c3c(cc4c(N5C(=O)OC[C@@H]5c5ccccc5)noc4c3F)CC3(C(=O)NC(=O)NC3=O)[C@@H]12,6.1487416512809245
Cc1c(N2CCc3ccccc3C2)c(N)cc2c(=O)c(C(=O)O)cn(C3CC3)c12,5.0343280287798935
CC(=O)N=c1[nH]c2c(s1)C[C@@H](NC(=O)c1cc(Br)c(Br)[nH]1)CC2,6.823908740944319
CCCCCCCCOc1cc(O)cc(O)c1C(=O)C(C)CC,3.0
CCOc1cc(C)cc(-c2cc(C(=O)N[C@@H](CN)c3ccccc3)ccc2C)c1,4.251811972993799
C[C@@H]1O[C@H](C)CN2c3c(cc4c(-n5cc(-c6cnccn6)cn5)noc4c3F)CC3(C(=O)NC(=O)NC3=O)[C@@H]12,4.522878745280337
ONC1c2cc(O)c(O)cc2-c2cc(O)c(O)cc21,5.116338564846383
CO[C@@H]1[C@@H](OC(=O)c2ccc(C)[nH]2)[C@@H](O)[C@H](Oc2ccc3c(N4CC(C)NC(C)C4)cc(=O)oc3c2C)OC1(C)C,6.552841968657781
Clc1ccc(COc2ccc(C=Cc3cc(C4CCNCC4)[nH]n3)cc2)cc1Cl,4.486782399932061
Cc1[nH]c(C(=O)N=c2[nH]c3ccc(C(=O)NCCC(=O)O)cc3s2)c(Cl)c1Cl,8.0
Cc1[nH]c(C(=O)Nc2ccc3[nH]c(=NC(=O)C(=O)O)sc3c2)c(Cl)c1Cl,7.5376020021010435
O=c1cc(OCCCN2CCN(c3nccc4ccccc34)CC2)c2ccccc2o1,5.2076083105017466
Cc1[nH]c(C(=O)N=c2[nH]c3c(OCc4ccccc4)cc(C#N)cc3s2)c(Cl)c1Cl,6.0
C[C@@H]1O[C@H](C)CN2c3c(cc4c(N5CCOC5=O)noc4c3F)CC3(C(=O)NC(=O)NC3=O)[C@@H]12,5.886056647693163
CNc1cc(F)cc2cc(C(=O)Nc3ccc(C(=O)O)cc3CN3CCCCC3)c(=O)[nH]c12,9.508638306165729
O=c1[nH]sc2c1c(=O)c1cc(F)c(-c3ccc(CO)cc3)cc1n2C1CC1,6.045757490560675
O=C(O)c1cn(C2CC2)c2cc(N3CCN(/N=N/c4ccc(S(=O)(=O)N=c5cncc(Cl)[nH]5)cc4)CC3)c(F)cc2c1=O,4.886056647693163
C[C@@H]1O[C@H](C)CN2c3c(cc4c(-c5ncnn5C)noc4c3F)CC3(C(=O)NC(=O)NC3=O)[C@@H]12,5.886056647693163
CON(C)C(=O)c1noc2c(F)c3c(cc12)CC1(C(=O)NC(=O)NC1=O)[C@H]1[C@H](C)O[C@H](C)CN31,5.638272163982407
CSc1nc(=O)cc(NC(=O)CN2CCN(c3cc4c(cc3F)c(=O)c(C(=O)O)cn4C3CC3)CC2)[nH]1,5.242831807785728
O=C(O)C(=O)Nc1ccc2[nH]c(=NC(=O)c3cc(Br)c(Br)[nH]3)sc2c1,7.236572006437063
NC[C@H](NC(=O)c1cccc(-c2cccc(Cl)c2)c1)c1ccccc1,4.4089353929735005
Nc1ccc(-c2cc3c(cc2F)c(=O)c2c(=O)[nH]sc2n3C2CC2)cc1,6.522878745280337
O=C(O)c1cn(C2CC2)c2cc(N3CCN(/N=N/c4ccc(S(=O)(=O)N=c5nccc[nH]5)cc4)CC3)c(F)cc2c1=O,4.892790030352131
N=c1[nH]c2c(s1)C[C@@H](NC(=O)c1cc3cc(F)ccc3[nH]1)CC2,3.5686362358410126
C[C@@H]1O[C@H](C)CN2c3c(cc4c(C(=O)N5CCCCO5)noc4c3F)CC3(C(=O)NC(=O)NC3=O)[C@@H]12,5.431798275933005
O=C(O)CC(=O)N=c1[nH]c2c(s1)C[C@@H](NC(=O)c1cc(Br)c[nH]1)CC2,4.853871964321762
C[C@@H]1O[C@H](C)CN2c3c(cc4c(N5C(=O)OC[C@H]5c5ccncc5)noc4c3F)CC3(C(=O)NC(=O)NC3=O)[C@@H]12,6.119186407719209
COC[C@@H]1CN(c2noc3c(Cl)c4c(cc23)CC2(C(=O)NC(=O)NC2=O)[C@H]2[C@H](C)O[C@H](C)CN42)C(=O)O1,6.376750709602099
O=c1c2nccn2c2cc(F)c(-c3ccncc3)cc2n1C1CC1,5.6020599913279625
Cn1[nH]c(=NC(CN)c2ccccc2)c2cc(-c3ccccc3Cl)ccc21,5.102372908709558
COC(=O)CC(=O)N=c1[nH]c2c(s1)C[C@@H](NC(=O)c1cc(Br)c(Br)[nH]1)CC2,7.017728766960432
C[C@H](N)[C@H]1CCN(c2nc3c(cc2F)c(=O)c(C(=O)O)cn3C2CC2)C1,5.159266765388193
C[C@@H]1O[C@H](C)CN2c3c(cc4c(N5C(=O)OC[C@@H]5CF)noc4c3F)CC3(C(=O)NC(=O)NC3=O)[C@@H]12,6.886056647693163
CNCCc1c(C(=O)Nc2ccc(C(=O)O)cc2)c(=O)[nH]c2c(NC)cc(F)cc12,6.962573502059376
Cc1[nH]c(C(=O)N=c2[nH]c3ccc(NC(=O)CNC(=O)OC(C)(C)C)cc3s2)c(Cl)c1Cl,7.5376020021010435
COCC(COC)(COC)NC(=O)c1noc2c(F)c3c(cc12)CC1(C(=O)NC(=O)NC1=O)[C@H]1[C@H](C)O[C@H](C)CN31,4.769551078621726
Cc1cc(O)c(O)c2oc(=O)c3cc(O)c(O)cc3c12,3.292429823902064
C[C@@H]1O[C@H](C)CN2c3c(cc4c(C(=O)NCc5ccncc5)noc4c3F)CC3(C(=O)NC(=O)NC3=O)[C@@H]12,5.920818753952375
C[C@@H]1O[C@H](C)CN2c3c(cc4c(-c5cncs5)noc4c3F)CC3(C(=O)NC(=O)NC3=O)[C@@H]12,6.3979400086720375
C[C@H]1CN2c3c(cc4c(C(F)F)noc4c3F)CC3(C(=O)NC(=O)NC3=O)[C@@H]2[C@@H](C)O1,4.251811972993799
Cc1[nH]c(C(=O)N(c2nc3ccc(C(=O)O)cc3s2)C2CC2)c(Cl)c1Cl,7.619788758288394
CNc1cc(F)cc2cc(C(=O)Nc3ccc(C(=O)O)cc3)c(=O)[nH]c12,9.443697499232712
Cc1[nH]c(C(=O)N=c2[nH]c3c(OCc4cccc(C(=O)O)c4)cc(C(=O)O)cc3s2)c(Cl)c1Cl,8.0
COC(=O)C1CCCC(N=c2[nH][nH]c3cccc(OCc4ccc(C(C)(C)C)cc4)c23)C1,5.037157318798758
O=c1cc(NC[C@@H](O)CN2CCN(c3nccc4ccc(F)cc34)CC2)c2ccccc2o1,5.958607314841775
C[C@@H]1O[C@H](C)CN2c3c(cc4c(N5C[C@@H](CF)OC5=O)noc4c3F)CC3(C(=O)NC(=O)NC3=O)[C@@H]12,6.795880017344075
CNc1cc(F)cc2cc(C(=O)Nc3ccc(C(=O)O)c(O)c3)c(=O)[nH]c12,8.67778070526608
CCNC(=O)c1noc2c(Cl)c3c(nc12)CC1(C(=O)NC(=O)NC1=O)[C@H]1[C@H](C)O[C@H](C)CN31,6.301029995663981
C[C@@H]1O[C@H](C)CN2c3c(cc4c(N5C(=O)OC[C@@H]5[C@H](C)O)noc4c3F)CC3(C(=O)NC(=O)NC3=O)[C@@H]12,6.214670164989233
COc1c(N2CCC[C@H](N)C2)c(F)cc2c(=O)c(C(=O)O)cn(C3CC3)c12,4.769551078621726
C[C@@H]1O[C@H](C)CN2c3c(cc4c(N5C(=O)OC[C@@H]5C)noc4c3Cl)CC3(C(=O)NC(=O)NC3=O)[C@@H]12,6.769551078621726
COC(=O)C1CCCN(Cc2[nH]nc3cccc(OCc4ccc(C(C)(C)C)cc4)c23)C1,4.435333935747911
O=c1[nH]c(=NC[C@@H](O)CN2CCN(c3nccc4ccc(F)cc34)CC2)c2ccccc2o1,5.823908740944319
C[C@@H]1O[C@H](C)CN2c3c(cc4c(-n5cnc(C#N)n5)noc4c3F)CC3(C(=O)NC(=O)NC3=O)[C@@H]12,5.585026652029182
O=C(O)c1cc(O)c2[nH]c(=NC(=O)c3cc(Br)c(Br)[nH]3)sc2c1,7.337242168318426
Cc1nc(-c2noc3c(F)c4c(cc23)CC2(C(=O)NC(=O)NC2=O)[C@H]2[C@H](C)O[C@H](C)CN42)co1,5.958607314841775
C[C@@H]1O[C@H](C)CN2c3c(nc4c(-c5cnccn5)noc4c3Cl)CC3(C(=O)NC(=O)NC3=O)[C@@H]12,5.522878745280337
CNCC1CCN(c2c(F)c(N)c3c(=O)c(C(=O)O)cn(C4CC4)c3c2F)C1,5.11690664142431
Cc1noc(C)c1-c1noc2c(F)c3c(cc12)CC1(C(=O)NC(=O)NC1=O)[C@H]1[C@H](C)O[C@H](C)CN31,5.494850021680094
COC[C@H]1[C@@H](C)OC(=O)N1c1noc2c(F)c3c(cc12)CC1(C(=O)NC(=O)NC1=O)C1[C@H](C)O[C@H](C)CN31,5.6777807052660805
COc1cc2c(ccc(=O)n2C)cc1N(C)S(=O)(=O)c1ccc(C#N)cc1,7.769551078621726
C[C@@H](N)[C@H]1CCN(c2cc3c(cc2F)c(=O)c(C(=O)O)cn3C2CC2)C1,5.856985199745905
CCCNC1CN(c2c(F)cc3c(=O)c(C(=O)O)cn(-c4[nH]c(=N)c(F)cc4F)c3c2C)C1,6.386158178123931
Cc1cc(=NS(=O)(=O)c2ccc(NC(=O)CN3CCN(c4cc5c(cc4F)c(=O)c(C(=O)O)cn5C4CC4)CC3)cc2)[nH]o1,5.876148359032914
CN1CCN(c2cc3c(cc2F)c(=O)c(C(=O)O)cn3C2CC2)CC1,5.36251027048749
O=C(O)CCC(=O)N=c1[nH]c2c(s1)C[C@@H](NC(=O)c1cc3ccccc3[nH]1)CC2,5.091514981121351
O=C1CCN2C(=N1)SC1=C2CC[C@H](NC(=O)c2cc(Br)c(Br)[nH]2)C1,4.920818753952375
C[C@@H]1O[C@H](C)CN2c3c(cc4c(C(=O)N5CCOCC5)noc4c3F)CC3(C(=O)NC(=O)NC3=O)[C@@H]12,5.481486060122113
Cc1ccc(C(=O)N[C@@H](CN)c2ccccc2)cc1,4.0
COc1ccccc1-c1cc(C(=O)N[C@@H](CN)c2ccccc2)ccc1C,3.815308569182401
Cc1[nH]c(C(=O)N=c2[nH]c3ccc(C(=O)NCC#N)cc3s2)c(Cl)c1Cl,7.795880017344075
CC[C@H]1CN(c2noc3c(F)c4c(cc23)CC2(C(=O)NC(=O)NC2=O)[C@H]2[C@H](C)O[C@H](C)CN42)C(=O)O1,6.292429823902063
Cc1c(N2CCCCC2)c(F)cc2c(=O)c(C(=O)O)cn(C3CC3)c12,5.157390760389438
Cc1c(N2CC[C@@H]([C@H](C)N)C2)c(F)cc2c(=O)n(N)c(=O)n(C3CC3)c12,6.698970004336019
Cc1cc(=O)n(C)c2ccc(NS(=O)(=O)c3ccc(C#N)cc3)cc12,7.1487416512809245
NCC(Oc1noc2ccc(-c3ccccc3Cl)cc12)c1ccccn1,6.301029995663981
CO[C@@H]1[C@@H](OC(N)=O)[C@H](O)[C@@H](Oc2ccc3c(=O)c(NC(=O)c4ccc(O)c(CC=C(C)C)c4)c(O)oc3c2C)OC1(C)C,7.0
C[C@@H]1O[C@H](C)CN2c3c(cc4c(N5C(=O)OC[C@H]5C5CCOCC5)noc4c3F)CC3(C(=O)NC(=O)NC3=O)[C@@H]12,5.6777807052660805
Cc1csc(-c2noc3c(Cl)c4c(nc23)CC2(C(=O)NC(=O)NC2=O)[C@H]2[C@H](C)O[C@H](C)CN42)n1,5.6020599913279625
Cc1noc2c(F)c3c(cc12)CC1(C(=O)NC(=O)NC1=O)[C@@H]1[C@@H](C)O[C@H](C)CN31,7.886056647693163
C[C@@H]1O[C@H](C)CN2c3c(cc4c(N5C[C@@H](C)OC5=O)noc4c3F)CC3(C(=O)NC(=O)NC3=O)[C@@H]12,6.4089353929735005
C[C@@H]1O[C@H](C)CN2c3c(nc4c(-c5cncs5)noc4c3Cl)CC3(C(=O)NC(=O)NC3=O)[C@@H]12,5.958607314841775
COc1cc(C(=O)O)cc2sc(=NC(=O)c3[nH]c(C)c(Cl)c3Cl)[nH]c12,8.0
CCN(C)C(=O)c1noc2c(F)c3c(cc12)CC1(C(=O)NC(=O)NC1=O)[C@H]1[C@H](C)O[C@H](C)CN31,5.119186407719209
CON=C1CN(c2nc3c(cc2F)c(=O)c(C(=O)O)cn3C2CC2)CC1CN,6.301029995663981
C[C@@H]1O[C@H](C)CN2c3c(cc4c(-c5ccnnc5)noc4c3Cl)CC3(C(=O)NC(=O)NC3=O)[C@@H]12,5.795880017344075
C[C@@H]1O[C@H](C)CN2c3c(nc4c(-c5cccnc5)noc4c3Cl)CC3(C(=O)NC(=O)NC3=O)[C@@H]12,6.301029995663981
CNc1cc(F)cc2c(NCC3CNC3)c(C(=O)Nc3ccc(C(=O)O)cc3)c(=O)[nH]c12,9.18045606445813
O=c1cc(NCCCN2CCN(c3nccc4ccc(F)cc34)CC2)c2ccccc2o1,6.096910013008056
CC1CN2c3c(cc4c(C(C)(C)C)noc4c3F)CC3(C(=O)NC(=O)NC3=O)C2C(C)O1,5.3979400086720375
CC[C@@H]1CCN(c2ccc3c(=O)c(C(=O)O)cn(C4CC4)c3c2Cl)C[C@H]1N,5.086186147616283
COc1ccc(C(=O)CN2C(=O)/C(=C\c3cc(OC)c(OC)c(OC)c3)SC2=S)cc1,3.0
Cc1noc2c(F)c3c(cc12)CC1(C(=O)NC(=O)NC1=O)[C@@H]1[C@@H](C)O[C@@H](C)CN31,4.080921907623926
Cc1c(N2CC[C@@H](CN)C2)c(F)cc2c(=O)n(N)c(=O)n(C3CC3)c12,6.022276394711152
C[C@@H]1O[C@H](C)CN2c3c(cc4c([S+](C)[O-])noc4c3F)CC3(C(=O)NC(=O)NC3=O)[C@@H]12,5.481486060122113
C[C@@H]1CN2c3c(cc4c(-c5cnccn5)noc4c3F)CC3(C(=O)NC(=O)NC3=O)[C@@H]2[C@@H](C)O1,5.107905397309519
O=C(O)c1cn(-c2ccc(F)cc2F)c2nc(C3=CCNCC3)c(F)cc2c1=O,4.906578314837765
CCN1CCN(c2cc(=O)oc3c(C)c(O[C@@H]4OC(C)(C)[C@H](OC)[C@@H](OC(=O)c5ccc(C)[nH]5)[C@H]4O)ccc23)CC1,6.3585258894959
NC1C=C(c2cc3c(cc2F)c(=O)c(C(=O)O)cn3C2CC2)CC1,5.0695604052333
CCNCC1CCN(c2c(F)c(NC)c3c(=O)c(C(=O)O)cn(C4CC4)c3c2F)C1,4.478861916295964
C[C@@H]1O[C@H](C)CN2c3c(cc4c(-c5nccnc5Cl)noc4c3F)CC3(C(=O)NC(=O)NC3=O)[C@@H]12,6.096910013008056
COC(=O)C1CN(Cc2[nH]nc3cccc(OCc4ccc(C(C)(C)C)cc4)c23)CCC1=O,5.051098239029787
C[C@@H]1O[C@H](C)CN2c3c(cc4c(=NCc5ccccn5)[nH]oc4c3F)CC3(C(=O)NC(=O)NC3=O)[C@@H]12,5.698970004336019
CC(C(=O)Nc1ccc(S(=O)(=O)N=c2cnc3ccccc3[nH]2)cc1)N1CCN(c2cc3c(cc2F)c(=O)c(C(=O)O)cn3C2CC2)CC1,5.841637507904751
Cc1[nH]c(C(=O)N=c2[nH]c3ccc(NC(=O)CN)cc3s2)c(Cl)c1Cl,6.552841968657781
CCc1c2s[nH]c(=O)c2c(=O)n2ccc(N3CCC(N(C)C)C3)cc12,4.619788758288394
C[C@@H]1O[C@H](C)CN2c3c(cc4c(N5C[C@@H](C#N)OC5=O)noc4c3F)CC3(C(=O)NC(=O)NC3=O)[C@@H]12,6.259637310505756
NC[C@H](NC(=O)c1cccc(-c2ccccc2)c1)c1ccccc1,4.221848749616356
COC(=O)C1C[C@H](NCc2[nH]nc3cccc(OCc4ccc(C(C)(C)C)cc4)c23)CN1,4.73754891026957
C[C@@H]1O[C@H](C)CN2c3c(cc4c(C(=O)NCC(F)F)noc4c3F)CC3(C(=O)NC(=O)NC3=O)[C@@H]12,5.795880017344075
Cc1[nH]c(C(=O)N=c2[nH]c3c(O)cc(C(=O)O)cc3s2)c(Cl)c1Cl,8.0
C[C@@H]1O[C@H](C)CN2c3c(cc4c(-c5nccn5C)noc4c3Cl)CC3(C(=O)NC(=O)NC3=O)[C@@H]12,5.886056647693163
O=C(O)c1cn(C2CC2)c2cc(C3CCNCC3)c(F)cc2c1=O,4.939302159646388
C[C@@H]1O[C@H](C)CN2c3c(cc(C(N)C=O)c(O)c3F)CC3(C(=O)NC(=O)NC3=O)[C@@H]12,5.853871964321762
CNc1cc(F)cc2cc(C(=O)Nc3ccc(C(=O)O)cc3CN(C)C3CCCCC3)c(=O)[nH]c12,9.275724130399212
C[C@@H]1O[C@H](C)CN2c3c(cc4c(N5C(=O)O[C@H](C)[C@@H]5CF)noc4c3F)CC3(C(=O)NC(=O)NC3=O)[C@@H]12,6.356547323513812
CCOC(=O)C(=O)N=c1[nH]c2c(s1)C[C@@H](NC(=O)c1cc3ccccc3[nH]1)CC2,5.0
C[C@@H]1O[C@H](C)CN2c3c(cc4c(-n5nccn5)noc4c3F)CC3(C(=O)NC(=O)NC3=O)[C@@H]12,6.154901959985743
CNC1CN(c2c(F)cc3c(=O)c(C(=O)O)cn(-c4[nH]c(=N)c(F)cc4F)c3c2C)C1,6.257274868695302
N[C@H]1CCCN(c2ccc3c(=O)c(C(=O)O)cn(C4CC4)c3c2Cl)C1,5.053547734986927
Cc1c(N2CC(NC(C)C)C2)c(F)cc2c(=O)c(C(=O)O)cn(-c3[nH]c(=N)c(F)cc3F)c12,6.363512103646634
CCc1cc2cc(NS(=O)(=O)c3ccc(C#N)cc3OC)ccc2n(CC)c1=O,8.00436480540245
C[C@@H]1O[C@H](C)CN2c3c(cc4c(-n5cc(C(=O)O)cn5)noc4c3F)CC3(C(=O)NC(=O)NC3=O)[C@@H]12,5.119186407719209
O=c1cc(NCCCN2CCN(c3nc(Cl)cc4ccccc34)CC2)c2ccccc2o1,5.638272163982407
C[C@@H]1O[C@H](C)CN2c3c(cc4c(C(=O)NCC5CCCCC5)noc4c3F)CC3(C(=O)NC(=O)NC3=O)[C@@H]12,5.823908740944319
CCOc1cc(-c2cccc(C(=O)N[C@@H](CN)c3ccccc3)c2)ccc1F,4.769551078621726
CC(C)NC(=O)c1noc2c(F)c3c(cc12)CC1(C(=O)NC(=O)NC1=O)[C@H]1[C@H](C)O[C@H](C)CN31,5.4089353929735005
COc1c(N2CC[C@@H](CN)C2)c(F)cc2c(=O)n(CCN=C(N)N)c(=O)n(C3CC3)c12,4.301029995663981
Cc1c(N2CC3CC3(N)C2)c(F)cc2c(CN)c(F)c(=O)n(C3CC3)c12,5.903089986991944
Cc1noc2c(F)c3c(cc12)CC1(C(=O)NC(=O)NC1=O)[C@H]1[C@H](C)O[C@@H](C)CN31,7.585026652029182
COC(=O)CC(=O)N=c1nc2c(c[nH]1)CC(NC(=O)c1cc(Br)c(Br)[nH]1)CC2,5.585026652029182
CNCCNc1c(C(=O)Nc2ccc(C(=O)O)cc2)c(=O)[nH]c2c(NC)cc(F)cc12,8.67778070526608
COc1ccc2ccc(=O)n(CCN[C@H]3CC[C@H]4[C@H](C3)OC(=O)N4c3ccc4c(n3)NC(=O)CO4)c2n1,7.259637310505756
CC[C@@H]1CCN(c2c(F)cn3c(=O)n(N)c(=O)c(C4CC4)c3c2OC)C1,4.721246399047171
C[C@@H]1O[C@H](C)CN2c3c(cc4c(-n5ccnc5)noc4c3F)CC3(C(=O)NC(=O)NC3=O)[C@@H]12,6.301029995663981
O=c1cc(NCCCN2CCN(c3nccc4ccc(F)cc34)CC2)c2c(o1)CCS(=O)(=O)C2,5.537602002101044
N=C(N)NC[C@H](Oc1noc2ccc(-c3ccccc3Cl)cc12)c1ccccc1,6.795880017344075
O=C(O)CC(=O)N=c1[nH]c2c(s1)C[C@H](NC(=O)c1cc(Br)c(Br)[nH]1)CC2,6.301029995663981
C[C@@H]1O[C@H](C)CN2c3c(cc4c(N5C[C@H](CO)OC5=O)noc4c3F)CC3(C(=O)NC(=O)NC3=O)[C@@H]12,6.920818753952375
Cc1[nH]c(C(=O)N=c2[nH]c3c(OCCN4CCOCC4)cc(C(=O)NCC#N)cc3s2)c(Cl)c1Cl,8.0
Cn1c(=O)ccc2cc(NS(=O)(=O)C3CCCCC3)ccc21,6.017728766960432
O=C(O)c1cn(C2CC2)c2cc(N3CCNCC3)c(F)cc2c1=O,5.029188389127482
Cc1[nH]c(C(=O)N=c2[nH]c3c(OCc4ccsc4)cc(C(=O)O)cc3s2)c(Cl)c1Cl,8.0
Cc1noc2c(Cl)c3c(cc12)CC1(C(=O)NC(=O)NC1=O)[C@H]1[C@H](C)O[C@H](C)CN31,6.3979400086720375
O=c1cc(-c2ccccc2)oc2cc(O)cc(O)c12,2.707743928643524
C[C@H]1CN(c2noc3c(F)c4c(cc23)CC2(C(=O)NC(=O)NC2=O)[C@H]2[C@H](C)O[C@H](C)CN42)C(=O)O1,5.841637507904751
N=c1[nH]c2c(s1)C[C@H](NC(=O)c1cc(Br)c(Br)[nH]1)CC2,4.3872161432802645
CN1CCN(c2c(F)c(N(C)C)c3c(=O)c(C(=O)O)cn(C4CC4)c3c2F)CC1,3.3080348972326394
CO[C@@H]1[C@@H](OC(=O)c2ccc(C)[nH]2)[C@@H](O)[C@H](Oc2ccc3c(N4CCN(C)CC4)cc(=O)oc3c2C)OC1(C)C,6.268411234813262
COC(=O)c1ccccc1-c1cccc(C(=O)N[C@@H](CN)c2ccccc2)c1,4.3872161432802645
CC[C@@H]1CCN(c2ccc3c(=O)c(C(=O)O)cn(C4CC4)c3c2OC)C[C@H]1N,4.4723700991286615
Clc1cccc(-n2nc(C3CCNCC3)cc2-c2ccc3ccccc3c2)c1,4.084072788302884
CC(=O)c1cccc(-c2cccc(C(=O)N[C@@H](CN)c3ccccc3)c2)c1,4.376750709602099
O=c1[nH]sc2c1c(=O)c1cc(F)c(-c3cccc(O)c3)cc1n2C1CC1,6.698970004336019
CCCCCN(C)Cc1cc(C(=O)O)ccc1NC(=O)c1cc2cc(F)cc(NC)c2[nH]c1=O,9.67778070526608
[C-]#[N+]c1cn(-c2noc3c(F)c4c(cc23)CC2(C(=O)NC(=O)NC2=O)[C@H]2[C@H](C)O[C@H](C)CN42)[nH]c1=N,6.0
N=c1nc2c(c[nH]1)CC(NC(=O)c1cc(Br)c[nH]1)CC2,4.455931955649724
Cc1noc2c(Cl)c3c(cc12)CC1(C(=O)NC(=O)NC1=O)C1C(C)OC(C)CN31,6.431798275933005
C[C@@H]1O[C@H](C)CN2c3c(cc4c(N5C(=O)O[C@@H](C)[C@H]5C)noc4c3F)CC3(C(=O)NC(=O)NC3=O)[C@@H]12,5.6777807052660805
COc1cc2c(cc1NS(=O)(=O)c1ccc(C#N)cc1OC)cc(C)c(=O)n2C,4.777283528852417
Cc1[nH]c(C(=O)N=c2[nH]c3ccc(N)cc3s2)c(Cl)c1Cl,4.795880017344075
COC(=O)C1CCCC(N=Cc2cc(CCc3ccc(Cl)c(Cl)c3)[nH]n2)C1,4.407823242604133
COc1c(N2CC[C@@H](CN)C2)c(F)cc2c1N(C1CC1)CC(C(=O)O)C2=O,6.920818753952375
COc1ccccc1-c1cccc(C(=O)N[C@@H](CN)c2ccccc2)c1,4.698970004336019
COc1c(N2CCC[C@H](N)C2)ccc2c(=O)c(C(=O)O)cn(C3CC3)c12,4.440093374963888
N[C@@H](Cn1c(=O)cnc2ccc(F)cc21)C1CCC(NCc2ncc3c(n2)OCC(=O)N3)CC1,7.698970004336019
C[C@@H]1O[C@H](C)CN2c3c(cc4c(N5C(=O)OC[C@@H]5C#N)noc4c3F)CC3(C(=O)NC(=O)NC3=O)[C@@H]12,6.337242168318426
C[C@@H]1O[C@H](C)CN2c3c(cc4c(C(=O)NC5CCOCC5)noc4c3F)CC3(C(=O)NC(=O)NC3=O)[C@@H]12,5.309803919971486
[C-]#[N+]c1nccc(-c2noc3c(F)c4c(cc23)CC2(C(=O)NC(=O)NC2=O)[C@H]2[C@H](C)O[C@H](C)CN42)n1,7.0
Cc1noc2c(F)c3c(cc12)CC1(C(=O)NC(=O)NC1=O)C1C(C)CC(C)CN31,6.468521082957745
CCCCCCOc1ccccc1C1CC(=O)c2ccc(O)cc2O1,3.0
CO[C@@H]1[C@@H](OC(=O)c2ccc(C)[nH]2)[C@@H](O)[C@H](Oc2ccc3c(N4CCNCC4)cc(=O)oc3c2C)OC1(C)C,6.638272163982407
CC1COc2c(N3CCN(C)CC3)c(F)c(N)c3c(=O)c(C(=O)O)cn1c23,4.161150909262744
CC[C@H]1OC(=O)C(C)[C@@H](OC(=O)Cc2ccccn2)[C@H](C)[C@@H](O[C@@H]2O[C@H](C)C[C@H](N(C)C)[C@H]2O)[C@](C)(OC(=O)CCN2CCN(c3cc4c(cc3F)c(=O)c(C(=O)O)cn4C3CC3)CC2)C[C@@H](C)CN(C)[C@H](C)[C@@H](O)[C@]1(C)O,4.355561410532162
CCOc1cc2c(ccc(=O)n2C)cc1NS(=O)(=O)c1ccc(C#N)cc1,7.508638306165727
C[C@@H](N)[C@H]1CCN(c2nc3c(cc2F)c(=O)c(C(=O)O)cn3-c2ccc(F)cc2F)C1,5.939302159646388
N#Cc1ccc2ccc(=O)n(CCN[C@H]3CC[C@H]4[C@H](C3)OC(=O)N4c3ccc4c(n3)NC(=O)CO4)c2c1,7.522878745280337
C[C@@H]1O[C@H](C)CN2c3c(nc4c(C(=O)NC(C)(C)C)noc4c3Cl)CC3(C(=O)NC(=O)NC3=O)[C@@H]12,4.721246399047171
O=C(O)c1cn(C2CC2)c2cc(N3CCN(CCOc4coc(O)c4-c4ccccc4F)CC3)c(F)cc2c1=O,5.939302159646388
COC(=O)CC(=O)N=c1[nH]c2c(s1)C[C@@H](NC(=O)c1cc3ccccc3[nH]1)CC2,4.455931955649724
COC(=O)C1CCCC(N=c2[nH][nH]c3cccc(OCc4ccc(F)c(F)c4)c23)C1,4.414539270491499
C[C@@H]1O[C@H](C)CN2c3c(cc4c(N5C(=O)OC[C@@H]5[C@@H](C)O)noc4c3F)CC3(C(=O)NC(=O)NC3=O)[C@@H]12,6.275724130399211
C[C@@H]1O[C@H](C)CN2c3c(cc4c(N5CCNCC5)noc4c3F)CC3(C(=O)NC(=O)NC3=O)[C@@H]12,5.698970004336019
O=c1cc(NCC(O)CN2CCN(c3nccc4ncccc34)CC2)c2cc(F)ccc2o1,6.823908740944319
C[C@@H]1O[C@H](C)CN2c3c(cc4c(-c5cc[nH]c(=O)n5)noc4c3F)CC3(C(=O)NC(=O)NC3=O)[C@@H]12,6.045757490560675
C[C@@H]1O[C@H](C)CN2c3c(cc4c(C(=O)NCC5CC5)noc4c3F)CC3(C(=O)NC(=O)NC3=O)[C@@H]12,5.6777807052660805
COC(=O)C1CCCC(N=c2[nH][nH]c3cccc(OCc4ccccc4)c23)C1,4.6777807052660805
O=c1c(O)c(-c2ccc(O)c(O)c2)oc2cc(O)cc(O)c12,3.8096683018297086
CNc1cc(F)cc2cc(C(=O)Nc3ccc(C(=O)O)cc3CNC3CCCCC3)c(=O)[nH]c12,9.585026652029182
CCn1c(=O)n2nc(C(=O)O)cc2c2cc(F)c(N3CC[C@@H](CN)C3)cc21,4.301029995663981
O=c1cc(NCCN2CCN(c3nccc4ccccc34)CC2)c2ccccc2o1,4.651695136951839
CC[C@@H]1CCN(c2nc3c(cc2F)c(=O)c(C(=O)O)cn3C2CC2)C[C@H]1N,4.158640529545145
CNc1cc(F)cc2c(NCC3CCNCC3)c(C(=O)Nc3ccc(C(=O)O)cc3)c(=O)[nH]c12,8.886056647693163
COc1cc(C#N)ccc1S(=O)(=O)Nc1ccc2c(c1)cc(C(C)C)c(=O)n2C,6.0
N=c1[nH]c2c(s1)CC(CNC(=O)c1cc(Br)c(Br)[nH]1)CC2,3.9208187539523753
C[C@@H]1O[C@H](C)CN2c3c(cc4c(N5C(=O)OC[C@@H]5CCCO)noc4c3F)CC3(C(=O)NC(=O)NC3=O)[C@@H]12,6.568636235841013
CCCCCCCC1CC(=O)c2c(O)cc(O)cc2O1,3.0
O=C(O)C(=O)N=c1[nH]c2c(s1)C[C@@H](NC(=O)c1cc(Br)c(Br)[nH]1)CC2,7.236572006437063
C=C[C@H]1COC(=O)N1c1noc2c(F)c3c(cc12)CC1(C(=O)NC(=O)NC1=O)[C@H]1[C@H](C)O[C@H](C)CN31,7.013228265733755
Cc1[nH]c(C(=O)N=c2[nH]c3ccc(C#N)cc3s2)c(Cl)c1Cl,6.0
COC[C@@H]1O[C@H](C)CN2c3c(cc4c(C)noc4c3F)CC3(C(=O)NC(=O)NC3=O)[C@@H]12,6.154901959985743
Cc1[nH]c(C(=O)N=c2[nH]c3c(OCc4ccc(C(=O)O)cc4)cc(C(=O)O)cc3s2)c(Cl)c1Cl,8.0
C[C@@H]1O[C@H](C)CN2c3c(cc4c(N5C(=O)OC[C@@H]5CN=[N+]=[N-])noc4c3F)CC3(C(=O)NC(=O)NC3=O)[C@@H]12,5.6777807052660805
C[C@@H]1O[C@H](C)CN2c3c(cc4c(=N)[nH]oc4c3F)CC3(C(=O)NC(=O)NC3=O)[C@@H]12,6.301029995663981
C[C@@H]1O[C@H](C)CN2c3c(cc4c(-c5ccnc(N6CCOCC6)n5)noc4c3F)CC3(C(=O)NC(=O)NC3=O)[C@@H]12,5.494850021680094
Cc1ccc2ccnc(N3CCN(CCCNc4cc(=O)oc5ccccc45)CC3)c2c1,5.585026652029182
CC[C@@H]1COC(=O)N1c1noc2c(F)c3c(cc12)CC1(C(=O)NC(=O)NC1=O)[C@H]1[C@H](C)O[C@H](C)CN31,5.013228265733755
C[C@@H]1O[C@H](C)CN2c3c(nc4c(-c5nccn5C)noc4c3Cl)CC3(C(=O)NC(=O)NC3=O)[C@@H]12,5.2839966563652006
NC1CCN(c2nc3c(cc2F)c(=O)c(C(=O)O)cn3-c2ccc(F)cc2F)C1,5.130181792020672
Cc1[nH]c(C(=O)N=c2[nH]c3c(F)cc(C(=O)O)cc3s2)c(Cl)c1Cl,8.0
Cn1cc(-c2ccc(NC(=O)Cc3ccc(Cl)cc3)cc2)n2ccnc2c1=O,5.197226274708024
C[C@H]1CN2c3c(cc4c(-c5ncccn5)noc4c3F)CC3(C(=O)NC(=O)NC3=O)[C@@H]2[C@@H](C)O1,4.080921907623926
Nc1cc(-c2cc3c(cc2F)c(=O)c2c(=O)[nH]sc2n3C2CC2)ccc1F,6.522878745280337
C[C@@H]1O[C@H](C)CN2c3c(cc4c(N5C(=O)OC[C@H]5CF)noc4c3F)CC3(C(=O)NC(=O)NC3=O)[C@@H]12,6.721246399047171
Cc1cc2c(cc1N1C(=O)c3cccc4c(Br)ccc(c34)C1=O)n(C)c(=O)n2C,7.113509274827518
O=C(O)c1cn(C2CC2)c2nc(N3CCNCC3)c(F)cc2c1=O,4.123782159408358
N=C(N)NS(=O)(=O)c1ccc(/N=N/N2CCN(c3cc4c(cc3F)c(=O)c(C(=O)O)cn4C3CC3)CC2)cc1,6.113509274827518
COc1cc2oc(-c3ccccc3)cc(=O)c2c(O)c1O,2.7569619513137056
COc1cnc2ccc(=O)n(CCCN[C@H]3CC[C@H]4[C@H](C3)OC(=O)N4c3ccc4c(n3)NC(=O)CO4)c2c1,6.337242168318426
N[C@H]1CCN(c2cc3c(cc2F)n2ccnc2c(=O)n3C2CC2)C1,5.924453038607469
C[C@@H]1O[C@H](C)CN2c3c(cc4c(C5CC5)noc4c3F)CC3(C(=O)NC(=O)NC3=O)[C@@H]12,6.522878745280337
Cc1c(N2CCN(C)CC2)ccc2c(=O)c(C(=O)O)cn(C3CC3)c12,4.071092309756048
C[C@@H]1O[C@H](C)CN2c3c(cc4c(-c5ccccn5)noc4c3Cl)CC3(C(=O)NC(=O)NC3=O)[C@@H]12,6.096910013008056
CNc1cc(F)cc2cc(C(=O)Nc3ccc(CO)cc3CN(CCO)C3CCCCC3)c(=O)[nH]c12,8.795880017344075
NC[C@@H](c1ccccc1)n1cnc2c(-c3ccccc3Cl)csc2c1=O,5.698970004336019
O=C(O)C(=O)N=c1[nH]c2c(s1)C[C@@H](NC(=O)c1cc3ccccc3[nH]1)CC2,5.113509274827518
COc1c(N2CC[C@@H](CN)C2)c(F)cc2c(=O)n(CCN)c(=O)n(C3CC3)c12,4.301029995663981
Cn1nc(O[C@@H](CN)c2ccccc2)c2cc(-c3ccccc3Cl)ccc21,5.301029995663981
COc1cnc2ccc(=O)n(CCN[C@H]3CC[C@H]4[C@H](C3)OC(=O)N4c3ccc4c(n3)NC(=O)CO4)c2c1,6.657577319177793
CCOC(=O)C(=O)N=c1[nH]c2ccc(NC(=O)c3[nH]c(C)c(Cl)c3Cl)cc2s1,6.537602002101044
C[C@@H]1O[C@H](C)CN2c3c(cc4c(-c5ccncn5)noc4c3Cl)CC3(C(=O)NC(=O)NC3=O)[C@@H]12,6.301029995663981
O=C(O)C(=O)Nc1ccc2[nH]c(=NC(=O)c3cc(Br)c(Br)[nH]3)[nH]c2c1,6.221848749616356
N=C(N)NCCn1c(=O)c2cc(F)c(N3CC[C@@H](CN)C3)cc2n(C2CC2)c1=O,4.301029995663981
C[C@@H]1O[C@H](C)CN2c3c(cc4c(-c5cncc(N(C)C)n5)noc4c3F)CC3(C(=O)NC(=O)NC3=O)[C@@H]12,5.301029995663981
Cc1[nH]c(C(=O)N=c2[nH]c3ccc(NC(N)=O)cc3s2)c(Cl)c1Cl,7.585026652029182
Cc1c(N2CC[C@@H]([C@H](C)N)C2)c(F)cc2cc(C(=O)O)c(=O)n(C3CC3)c12,5.536107011014093
CC(C)(C)c1ccc(COc2cccc3[nH]nc(CN4CCNCC4)c23)cc1,3.772113295386327
CC[C@@H]1CN(c2noc3c(F)c4c(cc23)CC2(C(=O)NC(=O)NC2=O)[C@H]2[C@H](C)O[C@H](C)CN42)C(=O)O1,6.2441251443275085
CC(=O)N=c1[nH]c2ccc(NC(=O)c3[nH]c(C)c(Cl)c3Cl)cc2s1,7.180456064458132
CCCCCCOc1ccccc1/C=C/C(=O)c1ccc(O)cc1O,3.0
C[C@@H]1O[C@H](C)CN2c3c(cc4c(-n5cc(C(=O)N(C)C)cn5)noc4c3F)CC3(C(=O)NC(=O)NC3=O)[C@@H]12,5.481486060122113
CNc1cc(F)cc2c(NCCCN)c(C(=O)Nc3ccc(C(=O)O)cc3)c(=O)[nH]c12,9.2839966563652
CC[C@@H]1O[C@H](CC)CN2c3c(cc4c(C)noc4c3F)CC3(C(=O)NC(=O)NC3=O)[C@@H]12,6.698970004336019
O=C(CN1CCN(c2cc3c(cc2F)c(=O)c(C(=O)O)cn3C2CC2)CC1)Nc1ccc(S(=O)(=O)N=c2cnc3ccccc3[nH]2)cc1,6.259637310505756
Cc1ncn(-c2noc3c(F)c4c(cc23)CC2(C(=O)NC(=O)NC2=O)[C@H]2[C@H](C)O[C@H](C)CN42)n1,5.698970004336019
N=c1nc2c(c[nH]1)CC(NC(=O)c1cc3ccccc3[nH]1)CC2,4.537602002101044
COC[C@@H]1[C@@H](C)OC(=O)N1c1noc2c(F)c3c(cc12)CC1(C(=O)NC(=O)NC1=O)[C@H]1[C@H](C)O[C@H](C)CN31,6.769551078621726
CNc1cc(F)cc2c(NCCN3CCOCC3)c(C(=O)Nc3ccc(C(=O)O)cc3)c(=O)[nH]c12,7.823908740944319
C[C@@H]1O[C@H](C)CN2c3c(cc4c(-c5ccccc5)noc4c3F)CC3(C(=O)NC(=O)NC3=O)[C@@H]12,6.3979400086720375
Cc1c(N2CCCCC2)ccc2c(=O)c(C(=O)O)cn(C3CC3)c12,4.995678626217358
O=c1oc2c(O)c(O)ccc2c2ccccc12,2.659555885159881
C[C@@H]1O[C@H](C)CN2c3c(cc4c(-c5ncccn5)noc4c3F)CC3(C(=O)NC(=O)NC3=O)[C@@H]12,6.045757490560675
C[C@@H]1O[C@H](C)CN2c3c(cc4c(N(C)C)noc4c3F)CC3(C(=O)NC(=O)NC3=O)[C@@H]12,6.522878745280337
COc1c(N2CC[C@@H](CN)C2)c(F)cc2c(=O)c(C(=O)O)cn(C3CC3)c12,6.920818753952375
CC(C)NC(=O)c1noc2c(Cl)c3c(nc12)CC1(C(=O)NC(=O)NC1=O)[C@H]1[C@H](C)O[C@H](C)CN31,4.721246399047171
O=C(O)c1cn(C2CC2)c2cc(N3CCN(CCOc4coc(O)c4-c4ccccc4)CC3)c(F)cc2c1=O,5.238824186844268
C[C@@H]1O[C@H](C)CN2c3c(cc4c(-c5ccncc5)noc4c3Cl)CC3(C(=O)NC(=O)NC3=O)[C@@H]12,6.0
NS(=O)(=O)c1ccc(NC(=O)CCN2CCN(c3cc4c(cc3F)c(=O)c(C(=O)O)cn4C3CC3)CC2)cc1,5.958607314841775
C[C@@H]1O[C@H](C)CN2c3c(cc4c(N5C(=O)OCC5c5ncccn5)noc4c3F)CC3(C(=O)NC(=O)NC3=O)C12,6.468521082957745
CNc1cc(F)cc2cc(C(=O)Nc3ccc(C(=O)NCCN)cc3)c(=O)[nH]c12,8.0268721464003
COc1ccccc1-c1cccc(C(=O)NC(CN)c2cccc(O)c2)c1,4.3872161432802645
N=c1[nH]c2c(s1)C[C@@H](NC(=O)c1cc(Br)c[nH]1)CC2,3.283996656365201
Cc1cc2c(cc1N1C(=O)c3cccc4c(Cl)ccc(c34)C1=O)n(C)c(=O)n2C,7.275724130399211
Cc1[nH]c(C(=O)N=c2[nH]c3ccc(NC(=O)c4ccncc4)cc3s2)c(Cl)c1Cl,5.6020599913279625
CN1CCN(c2c(F)c(N)c3c(=O)c(C(=O)O)cn(C4CC4)c3c2F)CC1,5.130768280269024
O=c1c(O)c(-c2cc(O)c(O)c(O)c2)oc2cc(O)cc(O)c12,3.1505805862031004
CC(C)Oc1cc2c(ccc(=O)n2C)cc1NS(=O)(=O)c1ccc(C#N)cc1,7.698970004336019
C[C@@H]1CN2c3c(cc4c(-n5cncn5)noc4c3F)CC3(C(=O)NC(=O)NC3=O)[C@@H]2[C@@H](C)O1,4.698970004336019
C[C@@H]1O[C@H](C)CN2c3c(cc4c(-c5ncccn5)noc4c3Cl)CC3(C(=O)NC(=O)NC3=O)[C@@H]12,5.920818753952375
CC[C@@H]1CCN(c2c(F)cc3c(=O)c(C(=O)O)cn(C4CC4)c3c2OC)C1,6.920818753952375
O=c1cc(-c2ccc(O)cc2)oc2cc(O)cc(O)c12,3.6020599913279625
CNc1cccc2cc(C(=O)Nc3ccc(C(=O)O)cc3)c(=O)[nH]c12,8.769551078621726
O=c1cc(NCCCN2CCN(c3nccc4ccccc34)CC2)c2cc(F)ccc2o1,5.920818753952375
CNc1cc(F)cc2cc(C(=O)Nc3ccc(C(=O)O)cc3CN(CCO)C3CCCCC3)c(=O)[nH]c12,9.537602002101044
C[C@@H]1O[C@H](C)CN2c3c(nc4c(C(=O)NCc5ccccc5)noc4c3Cl)CC3(C(=O)NC(=O)NC3=O)[C@@H]12,5.356547323513812
COc1c(N2CC[C@@H](CN)C2)c(F)cc2c1N(Cc1ccc3ccccc3c1)CC(C(=O)O)C2=O,3.6989700043360183
CO[C@@H]1[C@@H](OC(=O)c2ccc(C)[nH]2)[C@@H](O)[C@H](Oc2ccc3c(N4CCN(c5ccccn5)CC4)cc(=O)oc3c2C)OC1(C)C,5.752026733638194
N[C@H]1CCCN(c2nc3c(cc2F)c(=O)c(C(=O)O)cn3C2CC2)C1,3.5316526695878427
C[C@@H]1O[C@H](C)CN2c3c(cc4c(N5C(=O)OCC5C=NO)noc4c3F)CC3(C(=O)NC(=O)NC3=O)[C@@H]12,6.327902142064283
O=C(Cn1cc(CN2CCN(c3cc4c(cc3F)c(=O)c(C(=O)O)cn4C3CC3)CC2)nn1)Nc1ccc(S[C@@H]2O[C@H](CO)[C@H](O)[C@H](O)[C@H]2O)cc1,5.3979400086720375
CC(=O)NC[C@H]1CN(c2ccc(N3CCOCC3)c(F)c2)C(=O)O1,4.494850021680094
Cc1cnn(-c2noc3c(F)c4c(cc23)CC2(C(=O)NC(=O)NC2=O)[C@H]2[C@H](C)O[C@H](C)CN42)c1,5.920818753952375
C[C@@H]1O[C@H](C)CN2c3c(cc4c(-c5scnc5C(=O)N5CCOCC5)noc4c3F)CC3(C(=O)NC(=O)NC3=O)[C@@H]12,4.769551078621726
COc1c(N2CC[C@@H](CN)C2)c(F)cc2c1N(CCCc1ccccc1)CC(C(=O)O)C2=O,4.856985199745905
C[C@@H]1O[C@H](C)CN2c3c(nc4c(C(=O)NCC(C)(C)C)noc4c3Cl)CC3(C(=O)NC(=O)NC3=O)[C@@H]12,4.508638306165727
CCn1cc(C(=O)O)c(=O)c2cc(F)c(N3CC[N+]4(CN5C(=N4)C(C(=O)O)=Cc4ccccc45)C(C)C3)c(F)c21,5.61261017366127
O=c1[nH]sc2c1c(=O)c1cc(F)c(-c3cccc(F)c3)cc1n2C1CC1,6.0
COc1c(N2CCNC(C)C2)c(F)cc2c(=O)c(C(=O)O)cn(C3CC3)c12,6.301029995663981
CC(=O)NC[C@H]1CN(c2ccc(OCC3CCN(c4nc5c(cc4F)c(=O)c(C(=O)O)cn5C4CC4)C3)c(F)c2)C(=O)O1,5.698970004336019
C[C@@H]1O[C@H](C)CN2c3c(cc4c(N5C[C@H](C#N)OC5=O)noc4c3F)CC3(C(=O)NC(=O)NC3=O)C12,6.1487416512809245
O=c1c(O)c(-c2cc(O)cc(O)c2)oc2cc(O)cc(O)c12,2.8601209135987635
C[C@@H]1O[C@H](C)CN2c3c(cc4c(C(=O)N5CCS(=O)(=O)CC5)noc4c3F)CC3(C(=O)NC(=O)NC3=O)[C@@H]12,5.2839966563652006
O=C(O)c1cn(C2CC2)c2c(F)c(N3CCNCC3)c(F)cc2c1=O,5.096367483915762
C[C@@H]1O[C@H](C)CN2c3c(cc4c(=NCC5CCOCC5)[nH]oc4c3F)CC3(C(=O)NC(=O)NC3=O)[C@@H]12,5.537602002101044
Cc1noc2c(F)c3c(cc12)CC1(C(=O)NC(=O)NC1=O)C1C(C)OC(C)CN31,9.42021640338319
C[C@@H]1O[C@H](C)CN2c3c(cc4c(C(=O)N(C)C)noc4c3F)CC3(C(=O)NC(=O)NC3=O)[C@@H]12,5.552841968657781
O=c1cc(NCCCN2CCN(c3nccc4ccccc34)CC2)c2cc(Cl)ccc2o1,6.221848749616356
C[C@@H]1O[C@H](C)CN2c3c(cc4c(=NCc5c[nH]cn5)[nH]oc4c3F)CC3(C(=O)NC(=O)NC3=O)[C@@H]12,6.096910013008056
O=c1oc2cc(O)c(O)cc2c2cc(O)c(O)cc12,3.512861624522813
O=C(CCN1CCN(c2nccc3ccc(F)cc23)CC1)Nc1cc(=O)oc2ccccc12,5.958607314841775
O=C(O)c1cn(C2CC2)c2cc(N3CCN(Cn4nc(-c5cccc(O)c5)n(-c5cccc(I)c5)c4=S)CC3)c(F)cc2c1=O,5.009661145212399
CNc1cc(F)cc2cc(C(=O)Nc3ccc(C(=O)O)cc3CN(C)C3CC3)c(=O)[nH]c12,9.221848749616356
Cc1c(N2CCc3ccccc3C2)c(F)cc2c(=O)c(C(=O)O)cn(C3CC3)c12,5.11690664142431
C[C@@H]1O[C@H](C)CN2c3c(nc4c(C(=O)NCc5ccc(C#N)cc5)noc4c3Cl)CC3(C(=O)NC(=O)NC3=O)[C@@H]12,5.113509274827518
CNc1cc(F)cc2cc(C(=O)Nc3ccc(C(=O)O)cc3CN(CCN)C3CCCCC3)c(=O)[nH]c12,8.431798275933005
COC[C@@H]1CN2c3c(cc4c(C)noc4c3F)CC3(C(=O)NC(=O)NC3=O)[C@H]2[C@H](C)O1,5.958607314841775
C[C@@H]1O[C@H](C)CN2c3c(cc4c(S(C)(=O)=O)noc4c3F)CC3(C(=O)NC(=O)NC3=O)[C@@H]12,5.619788758288394
CNc1c(F)c(N2CCNCC2)c(F)c2c1c(=O)c(C(=O)O)cn2C1CC1,4.431798275933005
COC(=O)C1CCCC(N=Cc2cc(CCc3cn(C)c4ccc(Cl)cc34)[nH]n2)C1,5.931814138253839
O=c1oc2ccccc2c2ccccc12,2.595166283380062
CCCCCCC[C@H]1Cc2cc(O)c(C(=O)O)c(O)c2[C@@H](O)O1,4.735182176990463
COc1ccc2ccnc(N3CCN(CCCNc4cc(=O)oc5ccccc45)CC3)c2c1,5.494850021680094
N#Cc1cc2ccccc2c(N2CCN(CCCNc3cc(=O)oc4ccccc34)CC2)n1,5.251811972993799
O=c1[nH]sc2c1c(=O)c1cc(F)c(-c3ccc(O)cc3)cc1n2C1CC1,6.096910013008056
CCOc1cccc(-c2cccc(C(=O)N[C@H](CN)c3ccccc3)c2)c1,3.744727494896694
CSc1noc2c(F)c3c(cc12)CC1(C(=O)NC(=O)NC1=O)[C@H]1[C@H](C)O[C@H](C)CN31,6.045757490560675
C[C@@H]1O[C@H](C)CN2c3c(cc4c(-c5cnc(N6CCOCC6)cn5)noc4c3F)CC3(C(=O)NC(=O)NC3=O)[C@@H]12,5.161150909262744
C[C@H](N)[C@H]1CCN(c2cc3c(cc2F)c(=O)c(C(=O)O)cn3C2CC2)C1,4.681936665037238
Cc1cc(C)n(-c2noc3c(F)c4c(cc23)CC2(C(=O)NC(=O)NC2=O)[C@H]2[C@H](C)O[C@H](C)CN42)n1,5.568636235841013
C[C@@H]1O[C@H](C)CN2c3c(cc4c(-c5cncs5)noc4c3Cl)CC3(C(=O)NC(=O)NC3=O)[C@@H]12,6.096910013008056
N=c1nc2c(c[nH]1)CC(CNC(=O)c1cc(Br)c(Br)[nH]1)CC2,3.769551078621726
CCOC(=O)C(=O)N=c1[nH]c2c(s1)C[C@@H](NC(=O)c1cc(Br)c(Br)[nH]1)CC2,7.0
O=c1oc2c(O)c(O)ccc2c2ccc(O)cc12,3.485452247339714
Cc1c(N2CCc3ccccc3C2)ccc2c(=O)c(C(=O)O)cn(C3CC3)c12,4.681936665037238
O=c1cnc2c(o1)=CCC(CNC13CCC(CCc4c(Cl)cnc5ccc(=O)n(CCO)c45)(CC1)OC3)N=2,6.853871964321762
C[C@@H]1O[C@H](C)CN2c3c(cc4c(-c5cc[nH]c(=NCCO)n5)noc4c3F)CC3(C(=O)NC(=O)NC3=O)[C@@H]12,6.522878745280337
CCOc1cccc(-c2cccc(C(=O)NC(CN)c3ccc(O)cc3)c2)c1F,3.6989700043360183
NC[C@H](NC(=O)c1cccc(-c2ccccc2C(F)(F)F)c1)c1ccccc1,4.6777807052660805
O=C(CCN1CCN(c2cc3c(cc2F)c(=O)c(C(=O)O)cn3C2CC2)CC1)Nc1ccc(S(=O)(=O)N=c2nccc[nH]2)cc1,5.701146923590294
CN(c1ccc2c(ccc(=O)n2C)c1)S(=O)(=O)c1ccc(C#N)cc1,7.036212172654444
Cc1c(N2CC(NC(C)(C)C)C2)c(F)cc2c(=O)c(C(=O)O)cn(-c3[nH]c(=N)c(F)cc3F)c12,6.158640529545145
Clc1cccc(-n2nc(C3CCNCC3)cc2C=Cc2c[nH]c3ccc(Cl)cc23)c1,4.494850021680094
COc1cc2c(ccc(=O)n2C)cc1NS(=O)(=O)c1ccccc1,7.130768280269024
O=C(Cn1cc(CCN2CCN(c3cc4c(cc3F)c(=O)c(C(=O)O)cn4C3CC3)CC2)nn1)Nc1ccc(S[C@@H]2O[C@H](CO)[C@H](O)[C@H](O)[C@H]2O)cc1,5.221848749616356
C[C@@H]1O[C@H](C)CN2c3c(cc4c(-c5ncc(C(=O)N(C)C)s5)noc4c3F)CC3(C(=O)NC(=O)NC3=O)[C@@H]12,5.173925197299174
O=C(O)c1cn(C2CC2)c2cc(N3CCc4ccccc4C3)c(F)cc2c1=O,4.537602002101044
CCC(C)C(=O)c1c(O)cc(O)cc1OC/C=C(\C)CCC=C(C)C,3.3010299956639813
COC[C@H]1CN(c2noc3c(Cl)c4c(cc23)CC2(C(=O)NC(=O)NC2=O)[C@H]2[C@H](C)O[C@H](C)CN42)C(=O)O1,6.267606240177032
CCn1cc(C(=O)O)c(=O)c2ccc(C)nc21,4.0
C[C@@H]1O[C@H](C)CN2c3c(cc4c(N5C[C@@H](c6ccccn6)OC5=O)noc4c3F)CC3(C(=O)NC(=O)NC3=O)[C@@H]12,6.026872146400302
O=c1cc(NCCCN2CCN(c3nccc4ncccc34)CC2)c2ccccc2o1,4.391473966422806
N=c1nc2c(c[nH]1)CC(NC(=O)c1cc(Cl)c(Cl)[nH]1)CC2,5.2441251443275085
C[C@@H]1O[C@H](C)CN2c3c(nc4c(-c5ccc(C(N)=O)nc5)noc4c3Cl)CC3(C(=O)NC(=O)NC3=O)[C@@H]12,5.236572006437063
C[C@@H]1O[C@H](C)CN2c3c(cc4c(=NCc5nccs5)[nH]oc4c3F)CC3(C(=O)NC(=O)NC3=O)[C@@H]12,5.721246399047171
C[C@@H]1OCCN2c3c(cc4c(C(=O)N5CC(C#N)C5)noc4c3F)CC3(C(=O)NC(=O)NC3=O)[C@@H]12,5.920818753952375
C[C@@H]1O[C@H](C)CN2c3c(nc4c(-c5nccs5)noc4c3Cl)CC3(C(=O)NC(=O)NC3=O)[C@@H]12,6.154901959985743
C[C@@H]1O[C@H](C)CN2c3c(cc4c(N5CC(C)(C)OC5=O)noc4c3F)CC3(C(=O)NC(=O)NC3=O)[C@@H]12,5.494850021680094
NC[C@H](NC(=O)c1cccc(-c2cccc([N+](=O)[O-])c2)c1)c1ccccc1,4.136677139879544
C[C@@H]1O[C@H](C)CN2c3c(cc4c(-c5ccco5)noc4c3F)CC3(C(=O)NC(=O)NC3=O)[C@@H]12,6.154901959985743
CCOC(=O)C(=O)Nc1ccc2[nH]c(=NC(=O)c3cc(Br)c(Br)[nH]3)[nH]c2c1,5.3979400086720375
Cc1c(N2CCN(C)CC2)c(N)cc2c(=O)c(C(=O)O)cn(C3CC3)c12,4.97469413473523
O=c1c(O)c(-c2ccccc2)oc2cc(O)cc(O)c12,2.7328282715969863
Cc1[nH]c(C(=O)N=c2[nH]c3ccc(C(=O)O)cc3s2)c(Cl)c1Cl,7.886056647693163
CCc1c2s[nH]c(=O)c2c(=O)n2ccc(-c3cc(C)nc(C)c3)cc12,6.698970004336019
COc1ccccc1-c1cccc(C(=O)N[C@H](CN)c2ccccc2)c1,4.443697499232712
CO[C@@H](C)[C@@H]1COC(=O)N1c1noc2c(F)c3c(cc12)CC1(C(=O)NC(=O)NC1=O)[C@H]1[C@H](C)O[C@H](C)CN31,6.0655015487564325
CCc1cc2cc(NS(=O)(=O)c3ccc(C#N)cc3OC)ccc2n(C)c1=O,6.795880017344075
C[C@@H]1O[C@H](C)CN2c3c(cc4c(-c5cn[nH]c5)noc4c3F)CC3(C(=O)NC(=O)NC3=O)[C@@H]12,6.096910013008056
COC(=O)CC(=O)N=c1[nH]c2ccc(NC(=O)c3[nH]c(C)c(Cl)c3Cl)cc2s1,6.698970004336019
C[C@@H]1O[C@H](C)CN2c3c(cc4c(N5CCCC5)noc4c3F)CC3(C(=O)NC(=O)NC3=O)[C@@H]12,5.823908740944319
CN(C)c1cc2c(cc1N1C(=O)c3cccc4cccc(c34)C1=O)n(C)c(=O)n2C,6.3872161432802645
CNc1cc(F)cc2c(=O)c(C(=O)Nc3ccc(C(=O)NS(=O)(=O)N(C)C)cc3CN3CCCCC3)c(O)[nH]c12,8.356547323513812
Cn1cc(/C=C/c2cc(C3CCNCC3)nn2-c2cccc(Cl)c2)c2cc(Cl)ccc21,4.508638306165727
C[C@@H]1O[C@H](C)CN2c3c(cc4c(N5C(=O)OC[C@@H]5[C@H](O)CO)noc4c3F)CC3(C(=O)NC(=O)NC3=O)[C@@H]12,6.468521082957745
Cc1cnc(-c2noc3c(Cl)c4c(nc23)CC2(C(=O)NC(=O)NC2=O)[C@H]2[C@H](C)O[C@H](C)CN42)s1,6.301029995663981
COC[C@@H]1COC(=O)N1c1noc2c(F)c3c(cc12)CC1(C(=O)NC(=O)NC1=O)[C@H]1[C@H](C)O[C@H](C)CN31,6.091514981121351
O=c1cc(-c2ccccc2)oc2c(O)c(O)ccc12,3.4559319556497243
O=C(NCCCN1CCN(c2nccc3ccccc23)CC1)c1ccccc1,3.9507819773298185
O=c1cc(NCCCN2CCN(c3nccc4ccccc34)CC2)c2ccccc2o1,6.301029995663981
Cc1cccc2oc(=O)cc(NCCCN3CCN(c4nccc5ccc(F)cc45)CC3)c12,5.619788758288394
C[C@@H]1O[C@H](C)CN2c3c(cc4c(OC(=O)OC(C)(C)C)noc4c3F)CC3(C(=O)NC(=O)NC3=O)[C@@H]12,5.568636235841013
NCC1CCN(c2nc3c(cc2F)c(=O)c(C(=O)O)cn3C2CC2)C1,5.665546248849069
C[C@@H]1O[C@H](C)CN2c3c(cc4c(-n5cncn5)noc4c3F)CC3(C(=O)NC(=O)NC3=O)[C@@H]12,5.552841968657781
C#C[C@H]1COC(=O)N1c1noc2c(F)c3c(cc12)CC1(C(=O)NC(=O)NC1=O)[C@H]1[C@H](C)O[C@H](C)CN31,6.920818753952375
C[C@@H]1O[C@H](C)CN2c3c(cc4c(=NCc5cnn(C)c5)[nH]oc4c3F)CC3(C(=O)NC(=O)NC3=O)[C@@H]12,5.920818753952375
Nc1c(F)c(N2CCNCC2)c(F)c2c1c(=O)c(C(=O)O)cn2C1CC1,5.114638779968488
Cc1[nH]c(C(=O)N=c2[nH]c3cc(O)c(C(=O)O)cc3s2)c(Cl)c1Cl,8.0
O=c1cc(NCCCN2CCN(c3nc(F)cc4ccccc34)CC2)c2ccccc2o1,6.045757490560675
O=C(O)CCC(=O)N=c1[nH]c2c(s1)C[C@@H](NC(=O)c1cc(Br)c(Br)[nH]1)CC2,7.309803919971486
COc1cc(/C=C2/SC(=S)N(CC(=O)c3ccccc3)C2=O)cc(OC)c1OC,3.0
NC[C@H](NC(=O)c1cncc(-c2ccccc2Cl)c1)c1ccccc1,4.455931955649724
CC(C)(C)c1ccc(COc2cccc3[nH]nc(CN[C@@H]4CN[C@H](CO)C4)c23)cc1,3.8068754016455375
CC(C)c1cc2cc(NS(=O)(=O)c3ccc(C#N)cc3)ccc2n(C)c1=O,6.721246399047171
CO[C@@H]1[C@@H](OC(=O)c2ccc(C)[nH]2)[C@@H](O)[C@H](Oc2ccc3c(N4CCNC(C)C4)cc(=O)oc3c2C)OC1(C)C,6.649751981665837
NC[C@@H](NC(=O)c1cccc(-c2ccccc2)c1)c1ccccc1,4.119186407719209
Nc1c(F)c(N2CCC(N)C2)c(F)c2c1c(=O)c(C(=O)O)cn2C1CC1,5.146910470148135
NC[C@H](NC(=O)c1cccc(-c2cccc(O)c2)c1)c1ccccc1,4.337242168318426
O=c1c(O)c(-c2ccccc2)oc2ccccc12,2.679853713888946
CON=CC1COC(=O)N1c1noc2c(F)c3c(cc12)CC1(C(=O)NC(=O)NC1=O)[C@H]1[C@H](C)O[C@H](C)CN31,6.537602002101044
Nc1cccc(-c2cc3c(cc2F)c(=O)c2c(=O)[nH]sc2n3C2CC2)c1,5.508638306165727
NC[C@H](NC(=O)c1cccc(Br)c1)c1ccccc1,3.6989700043360183
CCNC(=O)N=c1[nH]c2cc(-c3cnc(N4CCC(C)(C(=O)O)CC4)nc3)cc(-c3ccccn3)c2s1,8.387216143280265
C[C@@H](N)[C@@H]1CCN(c2nc3c(cc2F)c(=O)c(C(=O)O)cn3C2CC2)C1,5.681936665037238
CNC(=O)c1cnn(-c2noc3c(F)c4c(cc23)CC2(C(=O)NC(=O)NC2=O)[C@H]2[C@H](C)O[C@H](C)CN42)c1,5.568636235841013
C[C@@H]1O[C@H](C)CN2c3c(cc4c(N5C[C@@H](CO)OC5=O)noc4c3F)CC3(C(=O)NC(=O)NC3=O)[C@@H]12,6.769551078621726
N#Cc1cnc2ccc(=O)n(CCCN[C@H]3CC[C@H]4[C@H](C3)OC(=O)N4c3ccc4c(n3)NC(=O)CO4)c2c1,6.468521082957745
Cc1cccc(C(=O)N[C@@H](CN)c2ccccc2)c1,4.0
C[C@@H]1O[C@H](C)CN2c3c(cc4c(N5CC(C=NO)OC5=O)noc4c3F)CC3(C(=O)NC(=O)NC3=O)[C@@H]12,6.42021640338319
Cc1[nH]c(C(=O)N=c2[nH]c3c(OCc4cccc(F)c4)cc(C(=O)O)cc3s2)c(Cl)c1Cl,8.0
O=C(O)CC(=O)N=c1[nH]c2c(s1)C[C@@H](NC(=O)c1cc(Cl)c(Cl)[nH]1)CC2,6.886056647693163
C[C@@H]1O[C@H](C)CN2c3c(cc4c(-c5nc(C(=O)N(C)C)cs5)noc4c3F)CC3(C(=O)NC(=O)NC3=O)[C@@H]12,5.301029995663981
COC1CCN(C(=O)c2noc3c(F)c4c(cc23)CC2(C(=O)NC(=O)NC2=O)[C@H]2[C@H](C)O[C@H](C)CN42)CC1,5.259637310505756
Cc1cc(C(F)F)nn1-c1noc2c(F)c3c(cc12)CC1(C(=O)NC(=O)NC1=O)[C@H]1[C@H](C)O[C@H](C)CN31,5.267606240177032
NC[C@H](Oc1noc2ncc(-c3ccccc3Cl)cc12)c1ccccc1,6.301029995663981
O=C1CN(c2nccc3ccccc23)CCN1CCCNc1cc(=O)oc2ccccc12,4.332547047110047
Cc1cc(O)c(O)c2oc(=O)c3ccc(F)cc3c12,2.7166987712964503
COc1cccc(-c2cc(=O)c3c(O)cc(O)cc3o2)c1,2.7569619513137056
CC(C)(C)c1ccc(COc2cccc3[nH]nc(CN[C@H]4CN[C@H](CO)C4)c23)cc1,4.106238237942057
C[C@@H]1O[C@H](C)CN2c3c(cc4c(-c5cnccn5)noc4c3F)CC3(C(=O)NC(=O)NC3=O)[C@@H]12,6.3979400086720375
O=C(O)C1=Cc2ccccc2N2C[N+]3(CCN(c4cc5c(cc4F)c(=O)c(C(=O)O)cn5C4CC4)CC3)N=C12,5.220403508742176
NCC(NC(=O)c1cccc(-c2cccs2)c1)c1ccc(O)cc1,6.522878745280337
N=c1nc2c(c[nH]1)CC(NC(=O)c1cc(Br)c(Br)[nH]1)CC2,5.537602002101044
NCc1cccc(-c2cc3c(cc2F)c(=O)c2c(=O)[nH]sc2n3C2CC2)c1,7.0
COC(=O)CC(=O)N=c1[nH]c2c(s1)C[C@H](NC(=O)c1cc(Br)c(Br)[nH]1)CC2,5.040958607678906
O=C(CCN1CCN(c2cc3c(cc2F)c(=O)c(C(=O)O)cn3C2CC2)CC1)Nc1ccc(S(=O)(=O)N=c2cncc(Cl)[nH]2)cc1,5.906578314837765
O=c1oc2c(Cl)c(Cl)ccc2c2cc(O)c(O)cc12,3.0259490972071226
COC(=O)C1CCCC(N=c2[nH][nH]c3cccc(OCc4cnc(Cl)c(Cl)c4)c23)C1,3.8477116556169433
CCNCc1cc2cc3c(cc2n1C)CCCc1c-3[nH]c(=O)c(C(=O)O)c1O,6.119186407719209
C[C@@H]1O[C@H](C)CN2c3c(cc4c(-c5scnc5C#N)noc4c3F)CC3(C(=O)NC(=O)NC3=O)[C@@H]12,5.920818753952375
CC1Cc2cc(N3CCNCC3)c(F)cc2-c2cc(=O)c(C(=O)O)cn21,4.0762380391713
CNc1cc(F)cc2cc(C(=O)Nc3ccc(C(=O)O)cc3CNCCO)c(=O)[nH]c12,6.889410289700751
Cc1c(N2CC[C@@H]([C@H](C)N)C2)c(F)cc2ccc(=O)n(C3CC3)c12,6.366531544420414
CC[C@@H]1CCN(c2c(F)cc3c(=O)c(C(=O)O)cn(C4CC4)c3c2F)C[C@H]1N,4.478861916295964
C[C@@H]1O[C@H](C)CN2c3c(cc4c(-c5nccn5C)noc4c3F)CC3(C(=O)NC(=O)NC3=O)[C@H]12,6.154901959985743
Cc1ncc(-c2noc3c(Cl)c4c(nc23)CC2(C(=O)NC(=O)NC2=O)[C@H]2[C@H](C)O[C@H](C)CN42)s1,5.698970004336019
CC(=O)NC[C@H]1CN(c2ccc(O[C@H]3CCN(c4nc5c(cc4F)c(=O)c(C(=O)O)cn5C4CC4)C3)c(F)c2)C(=O)O1,5.0
COc1ccc2ccc(=O)n(CCN[C@H]3CC[C@H]4[C@H](C3)OC(=O)N4c3ccc4c(n3)NC(=O)CS4)c2n1,6.978810700930062
O=C(O)c1cn(-c2ccc(F)cc2)c2cc(N3CCN(CCOc4coc(O)c4-c4ccccc4F)CC3)c(F)cc2c1=O,5.432973633840939
Cc1[nH]c(C(=O)N=c2[nH]c3c(OCc4ccccc4)cc(C(=O)NCC#N)cc3s2)c(Cl)c1Cl,8.0
C[C@H]1CN(c2c(F)c(N)c3c(=O)c(C(=O)O)cn(C4CC4)c3c2F)C[C@@H](C)N1,6.195860567664649
CN(C)c1ccc2ccnc(N3CCN(CCCNc4cc(=O)oc5ccccc45)CC3)c2c1,5.251811972993799
C[C@@H]1O[C@H](C)CN2c3c(cc4c(-c5cncc(Cl)n5)noc4c3F)CC3(C(=O)NC(=O)NC3=O)[C@@H]12,6.096910013008056
C[C@@H]1O[C@H](C)CN2c3c(cc4c(Cn5cncn5)noc4c3F)CC3(C(=O)NC(=O)NC3=O)[C@@H]12,5.522878745280337
Cc1cc(C(F)(F)F)nn1-c1noc2c(F)c3c(cc12)CC1(C(=O)NC(=O)NC1=O)[C@H]1[C@H](C)O[C@H](C)CN31,5.1487416512809245
C[C@@H]1O[C@H](C)CN2c3c(cc4c(-n5ccnn5)noc4c3F)CC3(C(=O)NC(=O)NC3=O)[C@@H]12,5.823908740944319
C[C@@H]1O[C@H](C)CN2c3c(cc4c(N5C(=O)OC[C@@H]5CCCF)noc4c3Cl)CC3(C(=O)NC(=O)NC3=O)[C@@H]12,6.638272163982407
CO[C@@H]1[C@@H](OC(=O)c2ccc(C)[nH]2)[C@@H](O)[C@H](Oc2ccc3c(N4CC[N+](C)(C)CC4)cc(=O)oc3c2C)OC1(C)C,6.610833915635467
C[C@@H]1O[C@H](C)CN2c3c(cc4c(C5CC5)noc4c3Cl)CC3(C(=O)NC(=O)NC3=O)[C@@H]12,6.221848749616356
C[C@@H]1O[C@H](C)CN2c3c(cc4c(C(=O)N5CCC(F)(F)CC5)noc4c3F)CC3(C(=O)NC(=O)NC3=O)[C@@H]12,5.1938200260161125
COc1cc(C#N)ccc1S(=O)(=O)N(c1ccc2c(c1)cc(C)c(=O)n2C)C(C)C,7.318758762624412
C=CC[C@H]1COC(=O)N1c1noc2c(F)c3c(cc12)CC1(C(=O)NC(=O)NC1=O)[C@H]1[C@H](C)O[C@H](C)CN31,6.585026652029182
CCN[C@H](C)[C@H]1CCN(c2c(F)cc3c(=O)c(C(=O)O)cn(C4CC4)c3c2C(F)(F)F)C1,5.714442690992226
Cc1c(NCCCN2CCN(c3nccc4ccc(F)cc34)CC2)c2ccccc2oc1=O,5.886056647693163
O=c1oc2c(O)c(O)ccc2c2cc(O)c(O)cc12,3.3018994543766103
O=C(O)C(=O)N=c1[nH]c2c(s1)C[C@@H](NC(=O)c1cc(Cl)c(Cl)[nH]1)CC2,6.229147988357856
COCc1noc2c(F)c3c(cc12)CC1(C(=O)NC(=O)NC1=O)C1C(C)OC(C)CN31,5.795880017344075
Cn1c(=O)n(C)c2cc(N3C(=O)c4cccc5cccc(c45)C3=O)c(Br)cc21,5.113509274827518
NC1CCN(c2c(F)cc3c(=O)c(C(=O)O)cn(C4CC4)c3c2Cl)C1,5.563837352959244
C[C@H]1Cc2ccccc2-c2cc(=O)c(C(=O)O)cn21,4.106238237942057
COC(=O)C1CCCC(N=c2[nH][nH]c3cccc(OCc4ccc(Cl)c(Cl)c4)c23)C1,5.651695136951839
O=c1[nH]sc2c1c(=O)c1cc(F)c(-c3cccc(CO)c3)cc1n2C1CC1,6.301029995663981
COc1cc2c(cc1NS(=O)(=O)c1ccc(C#N)cc1)cc(C)c(=O)n2C,8.161150909262744
O=C(O)c1cn(-c2ccc(F)cc2)c2cc(N3CCN(CCOc4coc(O)c4-c4ccccc4Cl)CC3)c(F)cc2c1=O,5.392544976785332
Cc1[nH]c(C(=O)N=c2[nH]c3cc(C(=O)O)ccc3s2)c(Cl)c1Cl,6.080921907623926
NC[C@H](NC(=O)c1cccc(-c2ccccc2Cl)c1)c1ccccc1,4.455931955649724
Cc1cc(=O)oc2cc(CCc3[nH]nc4cccc(OCc5ccc(C(C)(C)C)cc5)c34)ccc12,6.271646217978772
Cc1[nH]c(C(=O)N=c2[nH]c3c(OCc4ccccc4)cc(C(=O)O)cc3s2)c(Cl)c1Cl,8.0
NC1C=C(c2nc3c(cc2F)c(=O)c(C(=O)O)cn3C2CC2)CC1,4.939302159646388
COc1c(N2CC[C@@H]([C@H](C)N)C2)c(F)cc2c(=O)n(N)c(=O)n(C3CC3)c12,6.221848749616356
O=c1cc(CC(O)CCN2CCN(c3nccc4ccc(F)cc34)CC2)c2ccccc2o1,5.552841968657781
C[C@@H]1O[C@H](C)CN2c3c(cc4c(-n5cnc(C(F)(F)F)c5)noc4c3F)CC3(C(=O)NC(=O)NC3=O)[C@@H]12,5.180456064458132
CCc1c2s[nH]c(=O)c2c(=O)n2ccc(N3CCNCC3)cc12,4.853871964321762
C[C@@H]1O[C@H](C)CN2c3c(cc4c(N5C(=O)OC[C@@H]5CS(C)(=O)=O)noc4c3F)CC3(C(=O)NC(=O)NC3=O)[C@@H]12,6.769551078621726
CSc1nccc(-c2noc3c(F)c4c(cc23)CC2(C(=O)NC(=O)NC2=O)[C@H]2[C@H](C)O[C@H](C)CN42)n1,6.221848749616356
CCOC(=O)C1CCCN(Cc2[nH]nc3cccc(OCc4ccc(C(C)(C)C)cc4)c23)C1,4.752026733638194
Cc1c(N2CCN(C)CC2)c(F)cc2c(=O)c(C(=O)O)cn(C3CC3)c12,4.785156151952302
NC[C@H](Oc1[nH]nc2ccc(-c3ccccc3Cl)cc12)c1ccccc1,5.795880017344075
C[C@@H]1O[C@H](C)CN2c3c(cc4c(N5C(=O)OCC5c5ncnn5C)noc4c3F)CC3(C(=O)NC(=O)NC3=O)[C@@H]12,6.657577319177793
C[C@@H]1O[C@H](C)CN2c3c(cc4c(N5C[C@@H](CF)OC5=O)noc4c3Cl)CC3(C(=O)NC(=O)NC3=O)[C@@H]12,6.200659450546418
NCC1CCN(c2cc3c(cc2F)c(=O)c(C(=O)O)cn3C2CC2)C1,5.841637507904751
CCNCC1CCN(c2c(F)c(NC(C)=O)c3c(=O)c(C(=O)O)cn(C4CC4)c3c2F)C1,3.653647025549361
NC1C=C(c2nc3c(cc2F)c(=O)c(C(=O)O)cn3-c2ccc(F)cc2F)CC1,4.806875401645539
C[C@@H]1O[C@H](C)CN2c3c(cc4c(-c5nccs5)noc4c3Cl)CC3(C(=O)NC(=O)NC3=O)[C@@H]12,6.0
O=C(O)CC(=O)N=c1[nH]c2c(s1)C[C@@H](NC(=O)c1cc(Br)c(Br)[nH]1)CC2,7.161150909262744
Cc1[nH]c(C(=O)N=c2[nH]c3ccc(NC(=O)CCN)cc3s2)c(Cl)c1Cl,6.958607314841775
C[C@@H]1O[C@H](C)CN2c3c(cc4c(-c5cnccn5)noc4c3Cl)CC3(C(=O)NC(=O)NC3=O)[C@@H]12,6.698970004336019
CCOC[C@H]1COC(=O)N1c1noc2c(F)c3c(cc12)CC1(C(=O)NC(=O)NC1=O)[C@H]1[C@H](C)O[C@H](C)CN31,6.42021640338319
C[C@H]1CN2c3c(cc4c(-c5cccnn5)noc4c3F)CC3(C(=O)NC(=O)NC3=O)[C@@H]2[C@@H](C)O1,6.301029995663981
COC(=O)C1CCN(Cc2[nH]nc3cccc(OCc4ccc(C(C)(C)C)cc4)c23)CC1,4.435333935747911
CC[C@H]1COC(=O)N1c1noc2c(F)c3c(cc12)CC1(C(=O)NC(=O)NC1=O)[C@H]1[C@H](C)O[C@H](C)CN31,5.481486060122113
CCCc1nn(CN2CCN(c3cc4c(cc3F)c(=O)c(C(=O)O)cn4C3CC3)CC2)c(=S)n1-c1cccc(I)c1,5.202040356262804
C[C@@H]1O[C@H](C)CN2c3c(cc4c(N5C[C@H](CN=[N+]=[N-])OC5=O)noc4c3F)CC3(C(=O)NC(=O)NC3=O)[C@@H]12,6.275724130399211
C[C@@H]1O[C@H](C)CN2c3c(cc4c(N5C(=O)OC[C@@H]5C5CC5)noc4c3F)CC3(C(=O)NC(=O)NC3=O)[C@@H]12,6.045757490560675
Cc1noc2c(Cl)c3c(nc12)CC1(C(=O)NC(=O)NC1=O)[C@H]1[C@H](C)O[C@H](C)CN31,5.7447274948966935
CCOc1cccc(-c2cccc(C(=O)NC(CN)c3cccc(O)c3)c2)c1,4.3872161432802645
C[C@@H]1O[C@H](C)CN2c3c(cc4c(N(C)Cc5ccccc5)noc4c3F)CC3(C(=O)NC(=O)NC3=O)[C@@H]12,6.221848749616356
COc1cc(C#N)ccc1S(=O)(=O)Nc1cc(F)c2c(c1)cc(C)c(=O)n2C,6.200659450546418
C[C@@H](N)[C@H]1CCN(c2nc3c(cc2F)c(=O)c(C(=O)O)cn3C2CC2)C1,5.159266765388193
COC(=O)CC(=O)N=c1[nH]c2c(s1)C[C@@H](NC(=O)c1cc(Br)c[nH]1)CC2,4.6020599913279625
Cc1sc(-c2ccccc2Cl)cc1C(=O)N[C@@H](CN)c1ccccc1,7.397940008672037
O=C(CN1CCN(c2cc3c(cc2F)c(=O)c(C(=O)O)cn3C2CC2)CC1)Nc1ccc(S(=O)(=O)N=c2cncc(Cl)[nH]2)cc1,6.045757490560675
COc1ccc2ncc(F)c([C@@H](O)CC[C@@H]3CCN(CCSc4cccs4)CC3C(=O)O)c2c1,4.958607314841775
N=c1[nH]c2c(s1)C[C@@H](NC(=O)c1cc3ccccc3[nH]1)CC2,4.6777807052660805
CCCN=c1[nH]oc2c(F)c3c(cc12)CC1(C(=O)NC(=O)NC1=O)[C@H]1[C@H](C)O[C@H](C)CN31,5.657577319177793
O=c1cc(N[C@H]2C[C@H](N3CCN(c4nccc5ccccc45)CC3)C2)c2ccccc2o1,5.6777807052660805
CCN(CC)c1noc2c(F)c3c(cc12)CC1(C(=O)NC(=O)NC1=O)[C@H]1[C@H](C)O[C@H](C)CN31,5.366531544420414
CC(=O)N1CCN(c2noc3c(F)c4c(cc23)CC2(C(=O)NC(=O)NC2=O)[C@H]2[C@H](C)O[C@H](C)CN42)CC1,5.080921907623926
Cc1[nH]c(C(=O)N=c2[nH]c3ccc(-c4nn[nH]n4)cc3s2)c(Cl)c1Cl,8.0
C[C@@H]1O[C@H](C)CN2c3c(nc4c(-c5cnc(Br)s5)noc4c3Cl)CC3(C(=O)NC(=O)NC3=O)[C@@H]12,5.508638306165727
CNc1cc(F)cc2c(=O)c(C(=O)Nc3ccc(C(=O)O)cc3CN3CCCCC3)c(O)[nH]c12,8.1249387366083
COc1ccccc1-c1cccc(C(=O)NC(CN)c2ccc(O)cc2)c1,4.346787486224656
CC[C@@H]1CCN(c2c(F)cc3c(=O)c(C(=O)O)cn(C4CC4)c3c2OC)C[C@H]1N,5.100726812682396
C[C@@H]1O[C@H](C)CN2c3c(cc4c(Cl)noc4c3F)CC3(C(=O)NC(=O)NC3=O)[C@@H]12,6.698970004336019
C[C@@H]1O[C@H](C)CN2c3c(cc4c(C(=O)NCc5ccn(C)n5)noc4c3F)CC3(C(=O)NC(=O)NC3=O)[C@@H]12,5.886056647693163
C[C@@H]1O[C@H](C)CN2c3c(cc4c(N5C(=O)OC[C@H]5Cc5ccccc5)noc4c3F)CC3(C(=O)NC(=O)NC3=O)[C@@H]12,5.173925197299174
C[C@@H]1O[C@H](C)CN2c3c(cc4c(N5C[C@H](CF)OC5=O)noc4c3F)CC3(C(=O)NC(=O)NC3=O)[C@@H]12,7.173925197299173
C[C@@H]1O[C@H](C)CN2c3c(cc4c(-c5cn(C)cn5)noc4c3F)CC3(C(=O)NC(=O)NC3=O)[C@@H]12,4.769551078621726
O=C(O)CC(=O)N=c1[nH]c2c(s1)C[C@@H](NC(=O)c1cc3ccccc3[nH]1)CC2,5.119186407719209
C[C@@H]1O[C@H](C)CN2c3c(cc4c(C(F)F)noc4c3F)CC3(C(=O)NC(=O)NC3=O)[C@@H]12,6.154901959985743
C[C@H]1COc2c(N3CCN(C)CC3)c(F)cc3c(=O)c(C(=O)O)cn1c23,6.327902142064283
Cc1[nH]c(C(=O)N=c2[nH]c3c(OCCN)cc(C(=O)O)cc3s2)c(Cl)c1Cl,8.0
C[C@@H]1O[C@H](C)CN2c3c(cc4c(=NCc5ccccc5)[nH]oc4c3F)CC3(C(=O)NC(=O)NC3=O)[C@@H]12,5.769551078621726
O=c1[nH]sc2c1c(=O)c1cc(F)c(-c3ccc(C4CCCCN4)cc3)cc1n2C1CC1,6.0
COCCOC[C@H]1COC(=O)N1c1noc2c(F)c3c(cc12)CC1(C(=O)NC(=O)NC1=O)[C@H]1[C@H](C)O[C@H](C)CN31,6.698970004336019
C[C@@H]1O[C@H](C)CN2c3c(cc4c(C(=O)NC5CC5)noc4c3F)CC3(C(=O)NC(=O)NC3=O)[C@@H]12,5.886056647693163
C[C@@H]1O[C@H](C)CN2c3c(cc4c(N5C(=O)OC[C@H]5c5ccccc5)noc4c3F)CC3(C(=O)NC(=O)NC3=O)[C@@H]12,5.136677139879544
C[C@@H](N)[C@@H]1CCN(c2cc3c(cc2F)c(=O)c(C(=O)O)cn3C2CC2)C1,5.681936665037238
CNc1cc(F)cc2cc(C(=O)Nc3ccc(C(=O)NCCN4CCOCC4)cc3)c(=O)[nH]c12,8.136677139879543
C[C@@H]1O[C@H](C)CN2c3c(cc4c(N5C(=O)OC[C@H]5c5ccccn5)noc4c3F)CC3(C(=O)NC(=O)NC3=O)[C@@H]12,6.823908740944319
COC(=O)CCC(=O)N=c1[nH]c2c(s1)C[C@@H](NC(=O)c1cc(Br)c(Br)[nH]1)CC2,7.031517051446065
CCOc1cccc(-c2cccc(C(=O)N[C@@H](CN)c3ccccc3)c2)c1F,4.920818753952375
COC(=O)CC(=O)Nc1ccc2[nH]c(=NC(=O)c3cc(Br)c(Br)[nH]3)[nH]c2c1,5.154901959985743
O=C(CCN1CCN(c2cc3c(cc2F)c(=O)c(C(=O)O)cn3C2CC2)CC1)Nc1ccc(S(=O)(=O)N=c2cnc3ccccc3[nH]2)cc1,6.366531544420414
COCc1noc2c(Cl)c3c(cc12)CC1(C(=O)NC(=O)NC1=O)[C@H]1[C@H](C)O[C@H](C)CN31,5.769551078621726
Cc1cc2c(cc1N1C(=O)c3cccc4cc([N+](=O)[O-])cc(c34)C1=O)n(C)c(=O)n2C,7.008773924307505
O=c1cc(N[C@H]2C[C@@H](N3CCN(c4nccc5ccccc45)CC3)C2)c2ccccc2o1,5.958607314841775
O=C(CN1CCN(c2cc3c(cc2F)c(=O)c(C(=O)O)cn3C2CC2)CC1)Nc1cc(=O)[nH]c(=O)[nH]1,5.763714722551971
CNCc1[nH]nc2cccc(OCc3ccc(C(C)(C)C)cc3)c12,3.705533773838407
CNc1cc(F)cc2c(=O)c(C(=O)Nc3ccc(C(=O)NS(=O)(=O)N(C)C)cc3)c(O)[nH]c12,8.568636235841012
C[C@@H]1O[C@H](C)CN2c3c(cc4c(=NCC5CC5)[nH]oc4c3F)CC3(C(=O)NC(=O)NC3=O)[C@@H]12,5.853871964321762
CC(=O)NC[C@H]1CN(c2ccc(N3CCN(c4nc5c(cc4F)c(=O)c(C(=O)O)cn5C4CC4)CC3)c(F)c2)C(=O)O1,4.301029995663981
Cc1cc(=NS(=O)(=O)c2ccc(NC(=O)CCN3CCN(c4cc5c(cc4F)c(=O)c(C(=O)O)cn5C4CC4)CC3)cc2)[nH]o1,5.199970640755866
C[C@H]1CN2c3c(cc4c(C(F)(F)F)noc4c3F)CC3(C(=O)NC(=O)NC3=O)[C@@H]2[C@@H](C)O1,4.187086643357144
Cc1c(N2CC(N)C2)c(F)cc2c(=O)c(C(=O)O)cn(-c3[nH]c(=N)c(F)cc3F)c12,6.543633966870957
CC(=O)Nc1ccc2[nH]c(=NC(=O)c3[nH]c(C)c(Cl)c3Cl)sc2c1,8.022276394711152
COc1ccc2cc(F)nc(N3CCN(CC(O)CNc4cc(=O)oc5ccc(F)cc45)CC3)c2c1,7.397940008672037
Cc1[nH]c(C(=O)N=c2[nH]c3c(OCc4cccs4)cc(C(=O)O)cc3s2)c(Cl)c1Cl,8.0
O=c1cc(NC2CCN(CCCc3ccccc3)CC2)c2cc(Cl)ccc2o1,3.096910013008056
CCOC(=O)C(=O)Nc1ccc2[nH]c(=NC(=O)c3[nH]c(C)c(Cl)c3Cl)sc2c1,7.318758762624412
CNc1cc(F)cc2cc(C(=O)Nc3ccc(C(=O)N(C)CCN4CCOCC4)cc3)c(=O)[nH]c12,8.193820026016112
C[C@@H]1O[C@H](C)CN2c3c(cc4c(C(=O)NC(C)(C)C)noc4c3F)CC3(C(=O)NC(=O)NC3=O)[C@@H]12,5.537602002101044
COc1noc2c(F)c3c(cc12)CC1(C(=O)NC(=O)NC1=O)[C@H]1[C@H](C)O[C@H](C)CN31,6.0
Cc1c(N2CC[C@@H](CN)C2)c(F)cc2c(=O)n(CCN=C(N)N)c(=O)n(C3CC3)c12,4.939302159646388
O=c1oc2c(F)c(F)ccc2c2cc(O)c(O)cc12,3.821023052706831
CC(C)(C)c1ccc(COc2cccc3[nH][nH]c(=NCCCC(=O)O)c23)cc1,4.076755981369724
COC[C@@H]1CN(c2noc3c(F)c4c(cc23)CC2(C(=O)NC(=O)NC2=O)[C@@H]2[C@@H](C)O[C@H](C)CN42)C(=O)O1,6.229147988357856
O=c1cc(NCCCN2CCN(c3nccc4ccccc34)CC2)c2c(o1)CCCC2,5.119186407719209
CC(=O)N=c1ccn(-c2noc3c(F)c4c(cc23)CC2(C(=O)NC(=O)NC2=O)[C@H]2[C@H](C)O[C@H](C)CN42)[nH]1,5.508638306165727
CSc1cnc(-c2noc3c(F)c4c(cc23)CC2(C(=O)NC(=O)NC2=O)[C@H]2[C@H](C)O[C@H](C)CN42)cn1,5.769551078621726
CCCN(C)c1noc2c(F)c3c(cc12)CC1(C(=O)NC(=O)NC1=O)[C@H]1[C@H](C)O[C@H](C)CN31,6.301029995663981
C[C@@H]1O[C@H](C)CN2c3c(cc4c(C(=O)NC5CN(C)C5)noc4c3F)CC3(C(=O)NC(=O)NC3=O)[C@@H]12,5.853871964321762
CCc1c2s[nH]c(=O)c2c(=O)n2ccc(-c3ccncc3)cc12,6.3979400086720375
C[C@@H]1O[C@H](C)CN2c3c(cc4c(C(=O)NCc5cccs5)noc4c3F)CC3(C(=O)NC(=O)NC3=O)[C@@H]12,5.823908740944319
CC[C@@H]1CCN(c2c(F)cc3c(=O)n(N)c(=O)n(C4CC4)c3c2C)C1,5.42021640338319
COC(=O)C1CCCC(NCc2[nH]nc3cccc(OCc4ccc(Cl)c(Cl)c4)c23)C1,5.665546248849069
CCNC1CN(c2c(F)cc3c(=O)c(C(=O)O)cn(-c4[nH]c(=N)c(F)cc4F)c3c2C)C1,6.7594507517174005
Cc1cc(CN=c2[nH]oc3c(F)c4c(cc23)CC2(C(=O)NC(=O)NC2=O)[C@H]2[C@H](C)O[C@H](C)CN42)no1,5.769551078621726
C[C@@H]1O[C@H](C)CN2c3c(cc4c(N5C(=O)OC[C@@H]5c5ccccn5)noc4c3F)CC3(C(=O)NC(=O)NC3=O)[C@@H]12,5.721246399047171
C#CCN1CCN(c2cc3c(cc2F)c(=O)c(C(=O)O)cn3C2CC2)CC1,6.154901959985743
CC[C@H]1OC(=O)C(C)[C@@H](OC(=O)Cc2ccccn2)[C@H](C)[C@@H](O[C@@H]2O[C@H](C)C[C@H](N(C)C)[C@H]2O)[C@](C)(OC(=O)CCN2CCN(c3c(F)cc4c(=O)c(C(N)=O)cn(C5CC5)c4c3OC)CC2C)C[C@@H](C)CN(C)[C@H](C)[C@@H](O)[C@]1(C)O,5.017728766960432
CC(=O)NC[C@H]1CN(c2ccc(OC3CCN(c4nc5c(cc4F)c(=O)c(C(=O)O)cn5C4CC4)CC3)c(F)c2)C(=O)O1,4.301029995663981
C[C@@H]1O[C@H](C)CN2c3c(cc4c(C(=O)N5CCC(F)(F)C5)noc4c3F)CC3(C(=O)NC(=O)NC3=O)[C@@H]12,5.853871964321762
CCNCC1CCN(c2c(F)cc3c(=O)c(C(=O)O)cn(C4CC4)c3c2F)C1,5.447331783887806
NNC(=O)c1ccncc1,3.0
C[C@@H]1O[C@H](C)CN2c3c(nc4c(C(=O)N5CC(F)(F)C5)noc4c3Cl)CC3(C(=O)NC(=O)NC3=O)[C@@H]12,4.522878745280337
Cc1ccc(-c2noc3c(F)c4c(cc23)CC2(C(=O)NC(=O)NC2=O)[C@H]2[C@H](C)O[C@H](C)CN42)cn1,5.721246399047171
CC(C(=O)Nc1ccc(S(N)(=O)=O)cc1)N1CCN(c2cc3c(cc2F)c(=O)c(C(=O)O)cn3C2CC2)CC1,5.247951552180561
COCCN=c1nc(-c2noc3c(F)c4c(cc23)CC2(C(=O)NC(=O)NC2=O)[C@H]2[C@H](C)O[C@H](C)CN42)cc[nH]1,6.154901959985743
Cc1[nH]c(C(=O)N=c2[nH]c3ccc(NC(=O)C(=O)O)cc3s2)c(Cl)c1Cl,8.318758762624412
C[C@@H]1O[C@H](C)CN2c3c(cc4c(N5C(=O)O[C@H](C)[C@@H]5C)noc4c3F)CC3(C(=O)NC(=O)NC3=O)[C@@H]12,6.2839966563652006
COC(=O)C1CCCC(N=c2[nH][nH]c3cccc(OCc4ccc(Cl)cc4)c23)C1,4.413412695328245
O=c1[nH]c(=NCC(O)CN2CCN(c3nc(F)cc4ccc(F)cc34)CC2)c2cc(F)ccc2o1,7.0
C[C@@H]1O[C@H](C)CN2c3c(cc4c(=NCc5cccnc5)[nH]oc4c3F)CC3(C(=O)NC(=O)NC3=O)[C@@H]12,6.0
C[C@@H]1O[C@H](C)CN2c3c(cc4c(-c5nccs5)noc4c3F)CC3(C(=O)NC(=O)NC3=O)[C@@H]12,6.154901959985743
O=c1cc(NCCCN2CCN(c3nccc4ccc(F)cc34)CC2)c2c(o1)CCSC2,5.886056647693163
O=C(O)c1cn(C2CC2)c2cc(C3=CCNCC3)c(F)cc2c1=O,5.562249437179612
C[C@@H]1O[C@H](C)CN2c3c(cc4c(OCc5ccccc5)noc4c3F)CC3(C(=O)NC(=O)NC3=O)[C@@H]12,5.619788758288394
O=C(O)c1cn(C2CC2)c2cc(N3CCN(CCOc4coc(O)c4-c4ccc(F)cc4)CC3)c(F)cc2c1=O,5.546681659952962
Cc1[nH]c(C(=O)N=c2[nH]c3c(OCc4ccccc4)cc(-c4nn[nH]n4)cc3s2)c(Cl)c1Cl,8.0
COc1ccc2c3conc3c(=O)n(CCN3CCC(NCc4ccc5c(n4)NC(=O)CO5)CC3)c2c1,5.779891911959945
O=C(O)c1cn(C2CC2)c2cc(N3CCN(/N=N/c4ccc(S(=O)(=O)N=c5cnc6ccccc6[nH]5)cc4)CC3)c(F)cc2c1=O,5.23210238398191
C[C@@H]1O[C@H](C)CN2c3c(nc4c(C(=O)NCc5cccc(C#N)c5)noc4c3Cl)CC3(C(=O)NC(=O)NC3=O)[C@@H]12,4.886056647693163
CCN(c1ccc2c(c1)cc(C)c(=O)n2C)S(=O)(=O)c1ccc(C#N)cc1OC,7.0655015487564325
CCCCCN(CCCCC)Cc1cc(C(=O)O)ccc1NC(=O)c1cc2cc(F)cc(NC)c2[nH]c1=O,9.096910013008056
CC(=O)Nc1c(F)c(N2CCNCC2)c(F)c2c1c(=O)c(C(=O)O)cn2C1CC1,3.6090648928966207
COC[C@@H]1CN(c2noc3c(F)c4c(cc23)CC2(C(=O)NC(=O)NC2=O)[C@H]2[C@H](C)O[C@H](C)CN42)C(=O)O1,6.508638306165727
C[C@@H]1O[C@H](C)CN2c3c(cc4c(N5C(=O)OC[C@@H]5Cc5ccccc5)noc4c3F)CC3(C(=O)NC(=O)NC3=O)[C@@H]12,5.920818753952375
CSC[C@H]1COC(=O)N1c1noc2c(F)c3c(cc12)CC1(C(=O)NC(=O)NC1=O)[C@H]1[C@H](C)O[C@H](C)CN31,6.585026652029182
CC[C@@H]1O[C@H](C)CN2c3c(cc4c(C)noc4c3F)CC3(C(=O)NC(=O)NC3=O)[C@@H]12,6.698970004336019
Oc1cc(Cl)ccc1Oc1ccc(Cl)cc1Cl,3.0
C[C@H]1CN2c3c(nc4c(-c5nccs5)noc4c3Cl)CC3(C(=O)NC(=O)NC3=O)[C@@H]2[C@@H](C)O1,4.080921907623926
C[C@@H]1O[C@H](C)CN2c3c(cc4c(-c5cccnc5)noc4c3Cl)CC3(C(=O)NC(=O)NC3=O)[C@@H]12,6.522878745280337
CON=CC1CN(c2noc3c(F)c4c(cc23)CC2(C(=O)NC(=O)NC2=O)[C@H]2[C@H](C)O[C@H](C)CN42)C(=O)O1,6.356547323513812
CNc1cc(F)cc2c(NCCN)c(C(=O)Nc3ccc(C(=O)O)cc3)c(=O)[nH]c12,9.0268721464003
COc1nccc(-c2noc3c(F)c4c(cc23)CC2(C(=O)NC(=O)NC2=O)[C@H]2[C@H](C)O[C@H](C)CN42)n1,6.045757490560675
C[C@@H]1O[C@H](C)CN2c3c(cc4c(-c5ccncc5)noc4c3F)CC3(C(=O)NC(=O)NC3=O)[C@@H]12,6.698970004336019
C[C@H]1CN2c3c(cc4c(-c5ccncn5)noc4c3F)CC3(C(=O)NC(=O)NC3=O)[C@@H]2[C@@H](C)O1,4.568636235841013
C[C@@H]1O[C@H](C)CN2c3c(cc4c(N5C(=O)OC[C@@H]5C(F)F)noc4c3F)CC3(C(=O)NC(=O)NC3=O)[C@@H]12,6.366531544420414
C[C@@H]1O[C@H](C)CN2c3c(cc4c(N5C(=O)OC[C@H]5C)noc4c3F)CC3(C(=O)NC(=O)NC3=O)[C@@H]12,5.568636235841013
C[C@@H]1O[C@H](C)CN2c3c(cc4c(N5C(=O)OC[C@@H]5CC#N)noc4c3F)CC3(C(=O)NC(=O)NC3=O)[C@@H]12,6.795880017344075
C[C@@H]1O[C@H](C)CN2c3c(nc4c(-c5ccncc5)noc4c3Cl)CC3(C(=O)NC(=O)NC3=O)[C@@H]12,6.096910013008056
CO[C@@H]1[C@@H](OC(=O)c2ccc(C)[nH]2)[C@@H](O)[C@H](Oc2ccc3c(N4CCN(C)CC4)c(Cl)c(=O)oc3c2C)OC1(C)C,6.072116589669293
Cc1[nH]c(C(=O)N=c2[nH]c3ccc(C(N)=O)cc3s2)c(Cl)c1Cl,7.958607314841775
COc1cc2c(cc1NS(=O)(=O)c1ccccc1)cc(C)c(=O)n2C,7.397940008672037
C[C@@H]1O[C@H](C)CN2c3c(cc4c(-c5cc[nH]c(=N)n5)noc4c3F)CC3(C(=O)NC(=O)NC3=O)[C@@H]12,6.301029995663981
C[C@@H]1O[C@H](C)CN2c3c(cc4c(=NCc5ccncc5)[nH]oc4c3F)CC3(C(=O)NC(=O)NC3=O)[C@@H]12,5.619788758288394
O=C(O)c1ccc2[nH]c(=NC(=O)c3cc(Br)c(Br)[nH]3)sc2c1,7.920818753952375
C[C@@H]1O[C@H](C)CN2c3c(nc4c(-c5ccccn5)noc4c3Cl)CC3(C(=O)NC(=O)NC3=O)[C@@H]12,5.853871964321762
O=C1COc2ccc(N3C[C@H](CCCN[C@@H]4Cn5c(=O)ccc6ccc(F)c4c65)OC3=O)nc2N1,6.903089986991944
O=C(O)c1cn(C2CC2)c2cc(N3CCCCC3)c(F)cc2c1=O,4.014124642691606
C[C@@H]1O[C@H](C)CN2c3c(cc4c(C(=O)N5CCN(C)C(=O)C5)noc4c3F)CC3(C(=O)NC(=O)NC3=O)[C@@H]12,5.309803919971486
C[C@@H]1O[C@H](C)CN2c3c(cc4c(N5C(=O)OC[C@H]5CN=[N+]=[N-])noc4c3F)CC3(C(=O)NC(=O)NC3=O)[C@@H]12,6.823908740944319
C=CCOc1ccccc1/C=C/C(=O)c1ccc(O)cc1O,3.3010299956639813
NCC(N=c1[nH][nH]c2ccc(-c3ccccc3Cl)cc12)c1ccccc1,5.494850021680094
C[C@@H]1O[C@H](C)CN2c3c(cc4c(N5CCOCC5)noc4c3F)CC3(C(=O)NC(=O)NC3=O)[C@@H]12,5.585026652029182
COC(=O)CCC(=O)N=c1[nH]c2c(s1)C[C@@H](NC(=O)c1cc3ccccc3[nH]1)CC2,5.040958607678906
C[C@@H]1O[C@H](C)CN2c3c(cc4c(N5CCN(C(=O)OC(C)(C)C)CC5)noc4c3F)CC3(C(=O)NC(=O)NC3=O)[C@@H]12,4.698970004336019
CNCCCc1c(C(=O)Nc2ccc(C(=O)O)cc2)c(=O)[nH]c2c(NC)cc(F)cc12,6.882728704344236
C[C@@H]1O[C@H](C)CN2c3c(cc4c(-c5cncn5C)noc4c3F)CC3(C(=O)NC(=O)NC3=O)[C@@H]12,6.301029995663981
O=c1cc(NCCCN2CCN(c3nccc4ccc(F)cc34)CC2)c2c(o1)CCOC2,5.200659450546418
O=C(O)c1cn(C2CC2)c2cc(N3CCN(Cn4nc(-c5cccc(O)c5)n(-c5cc(Cl)cc(Cl)c5)c4=S)CC3)c(F)cc2c1=O,5.218244625347531
COC(=O)C1CCCC(NCc2[nH]nc3cccc(OCc4ccc(C(C)(C)C)cc4)c23)C1,5.051098239029787
COC(=O)CCC(=O)N=c1[nH]c2c(s1)C[C@@H](NC(=O)c1cc(Cl)c(Cl)[nH]1)CC2,6.050609993355088
